id,user_id,date,amount,plan_id
1,1,2021-01-15,$35.00,35385
2,1,2021-02-15,$35.00,35385
3,1,2021-03-15,$12.00,75448
4,2,2017-06-14,$135.00,16317
5,2,2017-07-14,$135.00,16317
6,2,2017-08-14,$135.00,16317
7,2,2017-09-14,$135.00,16317
8,3,2017-01-18,$84.00,75449
9,3,2018-01-18,$84.00,75449
10,3,2019-01-16,$12.00,75448
11,3,2019-02-18,$12.00,75448
12,10,2017-10-25,$35.00,35385
13,10,2017-11-11,$84.00,75449
14,13,2017-02-09,$900.00,16318
15,13,2018-02-09,$900.00,16318
16,13,2019-02-09,$900.00,16318
17,13,2020-02-09,$900.00,16318
18,16,2016-05-21,$135.00,16317
19,16,2016-06-09,$12.00,75448
20,21,2016-11-02,$35.00,35385
21,25,2017-05-26,$84.00,75449
22,25,2018-05-26,$84.00,75449
23,25,2019-05-13,$900.00,16318
24,25,2020-05-26,$900.00,16318
25,25,2021-05-12,$35.00,35385
26,25,2021-06-26,$35.00,35385
27,28,2017-05-03,$84.00,75449
28,28,2018-05-03,$84.00,75449
29,28,2019-05-01,$12.00,75448
30,29,2018-03-04,$900.00,16318
31,36,2018-03-12,$84.00,75449
32,36,2019-03-12,$84.00,75449
33,36,2020-03-12,$84.00,75449
34,36,2021-02-27,$12.00,75448
35,36,2021-04-12,$12.00,75448
36,39,2014-10-28,$135.00,16317
37,39,2014-11-26,$84.00,75449
38,39,2015-11-21,$240.00,35386
39,39,2016-11-28,$240.00,35386
40,39,2017-11-27,$900.00,16318
41,39,2018-11-28,$900.00,16318
42,42,2016-12-02,$84.00,75449
43,44,2016-07-04,$12.00,75448
44,44,2016-07-22,$135.00,16317
45,44,2016-08-30,$900.00,16318
46,44,2017-09-04,$900.00,16318
47,48,2015-06-17,$135.00,16317
48,48,2015-07-11,$900.00,16318
49,50,2018-03-13,$12.00,75448
50,50,2018-04-13,$12.00,75448
51,50,2018-05-13,$12.00,75448
52,51,2017-07-20,$35.00,35385
53,63,2017-10-03,$240.00,35386
54,63,2018-09-29,$900.00,16318
55,63,2019-10-03,$900.00,16318
56,63,2020-09-25,$12.00,75448
57,70,2016-05-13,$135.00,16317
58,70,2016-06-13,$135.00,16317
59,70,2016-07-11,$900.00,16318
60,70,2017-07-13,$900.00,16318
61,70,2018-07-13,$900.00,16318
62,70,2019-07-13,$900.00,16318
63,70,2020-07-13,$900.00,16318
64,70,2021-07-06,$35.00,35385
65,70,2021-08-13,$35.00,35385
66,70,2021-09-13,$35.00,35385
67,72,2015-06-13,$84.00,75449
68,72,2016-06-13,$84.00,75449
69,72,2017-06-13,$84.00,75449
70,72,2018-06-13,$84.00,75449
71,72,2019-06-13,$84.00,75449
72,72,2020-06-12,$35.00,35385
73,74,2017-08-15,$12.00,75448
74,74,2017-09-15,$12.00,75448
75,74,2017-10-15,$12.00,75448
76,74,2017-11-07,$900.00,16318
77,74,2018-11-15,$900.00,16318
78,74,2019-11-15,$900.00,16318
79,75,2018-03-18,$900.00,16318
80,78,2017-06-09,$900.00,16318
81,78,2018-06-09,$900.00,16318
82,79,2016-11-20,$240.00,35386
83,80,2017-06-20,$135.00,16317
84,80,2017-07-20,$135.00,16317
85,80,2017-08-20,$135.00,16317
86,80,2017-09-14,$900.00,16318
87,81,2015-12-15,$12.00,75448
88,84,2017-07-27,$135.00,16317
89,84,2017-08-24,$84.00,75449
90,84,2018-08-27,$84.00,75449
91,84,2019-08-27,$84.00,75449
92,84,2020-08-27,$84.00,75449
93,87,2018-04-13,$35.00,35385
94,87,2018-05-03,$12.00,75448
95,88,2016-01-15,$135.00,16317
96,88,2016-02-14,$84.00,75449
97,88,2017-02-09,$12.00,75448
98,89,2014-12-26,$240.00,35386
99,89,2015-12-12,$12.00,75448
100,89,2016-01-24,$135.00,16317
101,89,2016-02-26,$135.00,16317
102,89,2016-03-26,$135.00,16317
103,89,2016-04-26,$135.00,16317
104,89,2016-05-26,$135.00,16317
105,89,2016-06-22,$900.00,16318
106,91,2014-03-08,$240.00,35386
107,95,2018-05-19,$84.00,75449
108,95,2019-05-19,$84.00,75449
109,95,2020-05-16,$135.00,16317
110,95,2020-06-19,$135.00,16317
111,95,2020-07-19,$135.00,16317
112,95,2020-08-19,$135.00,16317
113,95,2020-09-19,$135.00,16317
114,95,2020-10-19,$135.00,16317
115,96,2017-07-18,$12.00,75448
116,97,2017-12-23,$240.00,35386
117,97,2018-12-23,$240.00,35386
118,97,2019-12-09,$900.00,16318
119,102,2017-04-15,$84.00,75449
120,102,2018-04-15,$84.00,75449
121,102,2019-04-10,$12.00,75448
122,104,2018-03-08,$84.00,75449
123,104,2019-03-08,$84.00,75449
124,104,2020-03-08,$84.00,75449
125,105,2018-02-08,$84.00,75449
126,105,2019-02-08,$84.00,75449
127,105,2020-01-28,$12.00,75448
128,107,2017-10-18,$84.00,75449
129,110,2018-02-26,$240.00,35386
130,110,2019-02-26,$240.00,35386
131,110,2020-02-26,$240.00,35386
132,116,2015-05-28,$135.00,16317
133,116,2015-06-20,$900.00,16318
134,117,2017-06-01,$135.00,16317
135,117,2017-07-01,$135.00,16317
136,117,2017-07-20,$900.00,16318
137,117,2018-08-01,$900.00,16318
138,117,2019-08-01,$900.00,16318
139,119,2018-01-11,$240.00,35386
140,119,2019-01-11,$240.00,35386
141,119,2020-01-11,$240.00,35386
142,121,2014-10-14,$900.00,16318
143,121,2015-10-14,$900.00,16318
144,121,2016-10-14,$900.00,16318
145,122,2015-01-08,$240.00,35386
146,122,2016-01-08,$240.00,35386
147,122,2017-01-08,$240.00,35386
148,122,2018-01-06,$135.00,16317
149,127,2016-08-13,$12.00,75448
150,127,2016-09-13,$12.00,75448
151,127,2016-10-05,$900.00,16318
152,130,2017-07-22,$12.00,75448
153,130,2017-08-22,$12.00,75448
154,131,2018-03-22,$84.00,75449
155,131,2019-03-08,$240.00,35386
156,137,2014-07-14,$900.00,16318
157,139,2016-10-08,$135.00,16317
158,139,2016-11-08,$135.00,16317
159,139,2016-12-08,$900.00,16318
160,141,2013-04-06,$900.00,16318
161,141,2014-04-06,$900.00,16318
162,141,2015-04-06,$900.00,16318
163,145,2018-02-03,$35.00,35385
164,147,2017-02-06,$135.00,16317
165,151,2017-06-14,$135.00,16317
166,151,2017-07-14,$135.00,16317
167,151,2017-08-14,$135.00,16317
168,151,2017-09-14,$135.00,16317
169,151,2017-10-14,$135.00,16317
170,151,2017-11-12,$900.00,16318
171,151,2018-11-14,$900.00,16318
172,151,2019-11-14,$900.00,16318
173,151,2020-11-11,$35.00,35385
174,151,2020-12-03,$12.00,75448
175,151,2021-01-14,$12.00,75448
176,153,2017-06-16,$35.00,35385
177,153,2017-07-02,$135.00,16317
178,153,2017-08-16,$135.00,16317
179,154,2018-03-19,$35.00,35385
180,154,2018-04-19,$35.00,35385
181,156,2017-12-10,$135.00,16317
182,156,2018-01-10,$135.00,16317
183,156,2018-01-29,$900.00,16318
184,156,2019-02-02,$240.00,35386
185,156,2020-02-10,$240.00,35386
186,157,2018-04-21,$35.00,35385
187,157,2018-05-07,$12.00,75448
188,157,2018-06-21,$12.00,75448
189,157,2018-07-21,$12.00,75448
190,157,2018-08-21,$12.00,75448
191,157,2018-09-21,$12.00,75448
192,157,2018-10-21,$12.00,75448
193,157,2018-11-21,$12.00,75448
194,157,2018-12-21,$12.00,75448
195,160,2016-11-15,$135.00,16317
196,160,2016-12-03,$12.00,75448
197,160,2017-01-15,$12.00,75448
198,161,2015-11-18,$240.00,35386
199,161,2016-11-18,$240.00,35386
200,161,2017-11-18,$240.00,35386
201,161,2018-11-17,$35.00,35385
202,161,2018-12-10,$84.00,75449
203,161,2019-12-15,$135.00,16317
204,161,2020-01-18,$12.00,75448
205,161,2020-02-18,$12.00,75448
206,162,2016-02-16,$12.00,75448
207,162,2016-03-16,$12.00,75448
208,162,2016-04-16,$12.00,75448
209,162,2016-05-16,$12.00,75448
210,162,2016-06-16,$12.00,75448
211,164,2018-02-23,$35.00,35385
212,164,2018-03-23,$35.00,35385
213,164,2018-04-10,$12.00,75448
214,164,2018-05-23,$12.00,75448
215,164,2018-06-23,$12.00,75448
216,164,2018-07-23,$12.00,75448
217,164,2018-08-23,$12.00,75448
218,164,2018-09-23,$12.00,75448
219,164,2018-10-23,$12.00,75448
220,164,2018-11-23,$12.00,75448
221,173,2016-06-10,$35.00,35385
222,173,2016-06-30,$12.00,75448
223,173,2016-08-10,$12.00,75448
224,177,2016-10-23,$900.00,16318
225,177,2017-10-21,$35.00,35385
226,177,2017-11-20,$12.00,75448
227,177,2017-12-22,$900.00,16318
228,177,2018-12-23,$900.00,16318
229,179,2016-06-05,$35.00,35385
230,189,2017-01-06,$12.00,75448
231,189,2017-01-27,$900.00,16318
232,189,2018-02-06,$900.00,16318
233,189,2019-02-06,$900.00,16318
234,189,2020-01-27,$12.00,75448
235,189,2020-03-06,$12.00,75448
236,189,2020-04-06,$12.00,75448
237,189,2020-04-23,$900.00,16318
238,192,2015-12-05,$240.00,35386
239,192,2016-12-05,$240.00,35386
240,192,2017-12-05,$240.00,35386
241,192,2018-12-05,$240.00,35386
242,192,2019-11-21,$135.00,16317
243,192,2020-01-05,$135.00,16317
244,192,2020-02-05,$135.00,16317
245,192,2020-02-28,$35.00,35385
246,192,2020-03-22,$900.00,16318
247,194,2017-12-12,$84.00,75449
248,195,2018-01-20,$240.00,35386
249,195,2019-01-20,$240.00,35386
250,195,2020-01-20,$240.00,35386
251,196,2017-07-28,$900.00,16318
252,197,2018-01-28,$135.00,16317
253,197,2018-02-16,$84.00,75449
254,197,2019-02-21,$12.00,75448
255,197,2019-03-22,$135.00,16317
256,197,2019-04-28,$135.00,16317
257,197,2019-05-28,$135.00,16317
258,197,2019-06-28,$135.00,16317
259,197,2019-07-28,$135.00,16317
260,197,2019-08-28,$135.00,16317
261,197,2019-09-28,$135.00,16317
262,197,2019-10-19,$900.00,16318
263,197,2020-10-28,$900.00,16318
264,200,2017-12-17,$12.00,75448
265,200,2018-01-17,$12.00,75448
266,202,2017-10-24,$135.00,16317
267,202,2017-11-24,$900.00,16318
268,202,2018-11-24,$900.00,16318
269,202,2019-11-24,$900.00,16318
270,202,2020-11-24,$900.00,16318
271,203,2018-04-20,$12.00,75448
272,203,2018-05-20,$12.00,75448
273,203,2018-06-20,$12.00,75448
274,204,2016-09-01,$900.00,16318
275,204,2017-09-01,$900.00,16318
276,204,2018-09-01,$900.00,16318
277,204,2019-09-01,$900.00,16318
278,211,2018-02-15,$12.00,75448
279,212,2016-03-05,$900.00,16318
280,212,2017-03-05,$900.00,16318
281,212,2018-03-05,$900.00,16318
282,212,2019-03-05,$900.00,16318
283,212,2020-03-05,$900.00,16318
284,215,2018-04-12,$35.00,35385
285,222,2016-11-02,$900.00,16318
286,224,2017-02-17,$12.00,75448
287,224,2017-03-11,$240.00,35386
288,224,2018-03-17,$240.00,35386
289,224,2019-03-08,$900.00,16318
290,224,2020-03-17,$900.00,16318
291,225,2016-12-03,$12.00,75448
292,225,2017-01-03,$12.00,75448
293,225,2017-02-03,$12.00,75448
294,225,2017-03-03,$135.00,16317
295,225,2017-04-03,$135.00,16317
296,225,2017-05-03,$135.00,16317
297,225,2017-05-26,$35.00,35385
298,225,2017-07-02,$12.00,75448
299,225,2017-07-31,$240.00,35386
300,225,2018-07-24,$12.00,75448
301,225,2018-09-03,$12.00,75448
302,225,2018-10-03,$12.00,75448
303,225,2018-11-03,$12.00,75448
304,225,2018-12-03,$12.00,75448
305,225,2019-01-03,$12.00,75448
306,229,2015-11-04,$135.00,16317
307,229,2015-11-22,$900.00,16318
308,229,2016-12-04,$900.00,16318
309,229,2017-12-03,$240.00,35386
310,229,2018-11-29,$12.00,75448
311,233,2014-04-10,$84.00,75449
312,233,2015-04-08,$900.00,16318
313,233,2016-04-10,$900.00,16318
314,235,2018-01-16,$35.00,35385
315,235,2018-02-16,$35.00,35385
316,235,2018-03-16,$35.00,35385
317,235,2018-04-05,$84.00,75449
318,235,2019-04-16,$84.00,75449
319,235,2020-04-16,$84.00,75449
320,237,2017-04-23,$12.00,75448
321,242,2015-10-25,$12.00,75448
322,242,2015-11-25,$12.00,75448
323,244,2017-06-24,$240.00,35386
324,245,2013-08-04,$35.00,35385
325,245,2013-08-31,$240.00,35386
326,245,2014-09-04,$240.00,35386
327,245,2015-08-21,$900.00,16318
328,245,2016-09-04,$900.00,16318
329,245,2017-09-04,$900.00,16318
330,245,2018-09-04,$900.00,16318
331,245,2019-09-04,$900.00,16318
332,254,2017-04-23,$240.00,35386
333,254,2018-04-10,$900.00,16318
334,254,2019-04-09,$84.00,75449
335,255,2018-02-15,$35.00,35385
336,258,2016-12-17,$12.00,75448
337,258,2017-01-17,$135.00,16317
338,258,2017-02-17,$135.00,16317
339,258,2017-03-06,$900.00,16318
340,263,2015-10-02,$240.00,35386
341,264,2017-03-03,$12.00,75448
342,265,2015-03-16,$900.00,16318
343,265,2016-03-16,$900.00,16318
344,265,2017-03-16,$900.00,16318
345,266,2017-06-23,$84.00,75449
346,267,2018-02-20,$35.00,35385
347,267,2018-03-13,$12.00,75448
348,267,2018-04-19,$135.00,16317
349,267,2018-05-20,$135.00,16317
350,267,2018-06-18,$900.00,16318
351,267,2019-06-09,$12.00,75448
352,273,2018-05-27,$900.00,16318
353,273,2019-05-27,$900.00,16318
354,273,2020-05-22,$84.00,75449
355,274,2015-04-04,$84.00,75449
356,274,2016-04-01,$12.00,75448
357,277,2016-03-07,$35.00,35385
358,278,2017-11-06,$240.00,35386
359,279,2017-03-25,$35.00,35385
360,279,2017-04-25,$240.00,35386
361,280,2016-04-02,$35.00,35385
362,280,2016-05-02,$35.00,35385
363,280,2016-06-02,$12.00,75448
364,280,2016-07-02,$35.00,35385
365,280,2016-08-02,$35.00,35385
366,280,2016-08-24,$135.00,16317
367,281,2017-05-13,$240.00,35386
368,281,2018-05-12,$84.00,75449
369,281,2019-05-13,$84.00,75449
370,281,2020-05-12,$35.00,35385
371,281,2020-06-13,$35.00,35385
372,281,2020-07-05,$135.00,16317
373,281,2020-08-13,$135.00,16317
374,282,2018-03-08,$240.00,35386
375,282,2019-03-08,$240.00,35386
376,282,2020-03-08,$240.00,35386
377,289,2017-09-15,$135.00,16317
378,289,2017-10-15,$35.00,35385
379,289,2017-11-15,$35.00,35385
380,289,2017-12-14,$12.00,75448
381,294,2015-08-16,$135.00,16317
382,294,2015-09-16,$135.00,16317
383,294,2015-10-11,$240.00,35386
384,294,2016-10-16,$240.00,35386
385,294,2017-10-16,$240.00,35386
386,294,2018-10-16,$240.00,35386
387,294,2019-10-16,$135.00,16317
388,294,2019-11-16,$135.00,16317
389,294,2019-12-11,$900.00,16318
390,295,2016-05-18,$12.00,75448
391,298,2013-03-16,$900.00,16318
392,300,2016-02-01,$135.00,16317
393,300,2016-03-01,$135.00,16317
394,300,2016-04-01,$135.00,16317
395,300,2016-04-29,$240.00,35386
396,304,2015-07-28,$12.00,75448
397,304,2015-08-16,$84.00,75449
398,304,2016-08-25,$12.00,75448
399,304,2016-09-28,$35.00,35385
400,304,2016-10-26,$84.00,75449
401,304,2017-10-25,$12.00,75448
402,304,2017-11-28,$12.00,75448
403,304,2017-12-28,$12.00,75448
404,305,2016-10-10,$900.00,16318
405,309,2017-02-19,$900.00,16318
406,309,2018-02-19,$900.00,16318
407,309,2019-02-19,$900.00,16318
408,315,2018-03-23,$900.00,16318
409,315,2019-03-23,$900.00,16318
410,315,2020-03-23,$900.00,16318
411,318,2013-09-20,$135.00,16317
412,319,2018-01-12,$35.00,35385
413,319,2018-02-12,$35.00,35385
414,319,2018-03-12,$35.00,35385
415,319,2018-04-07,$135.00,16317
416,319,2018-05-12,$135.00,16317
417,319,2018-06-12,$135.00,16317
418,319,2018-07-12,$135.00,16317
419,319,2018-08-12,$135.00,16317
420,323,2018-04-21,$84.00,75449
421,325,2017-01-13,$240.00,35386
422,325,2018-01-08,$84.00,75449
423,325,2019-01-13,$84.00,75449
424,325,2020-01-13,$84.00,75449
425,326,2017-12-23,$35.00,35385
426,331,2017-04-04,$240.00,35386
427,331,2018-03-28,$900.00,16318
428,331,2019-04-04,$900.00,16318
429,331,2020-04-04,$900.00,16318
430,331,2021-04-02,$35.00,35385
431,332,2015-11-25,$900.00,16318
432,332,2016-11-25,$900.00,16318
433,338,2013-09-11,$135.00,16317
434,338,2013-10-01,$84.00,75449
435,340,2016-09-26,$900.00,16318
436,340,2017-09-26,$900.00,16318
437,342,2015-10-05,$84.00,75449
438,342,2016-10-02,$35.00,35385
439,344,2017-11-22,$35.00,35385
440,345,2016-04-14,$240.00,35386
441,345,2017-04-14,$240.00,35386
442,345,2018-04-14,$240.00,35386
443,346,2018-01-26,$12.00,75448
444,348,2013-04-04,$12.00,75448
445,350,2017-12-10,$240.00,35386
446,350,2018-12-02,$900.00,16318
447,353,2018-01-03,$12.00,75448
448,353,2018-01-31,$135.00,16317
449,353,2018-03-03,$135.00,16317
450,353,2018-03-26,$900.00,16318
451,353,2019-03-27,$12.00,75448
452,355,2017-09-18,$84.00,75449
453,355,2018-09-18,$84.00,75449
454,355,2019-09-18,$84.00,75449
455,355,2020-09-14,$240.00,35386
456,355,2021-09-17,$12.00,75448
457,356,2018-05-20,$135.00,16317
458,356,2018-06-19,$900.00,16318
459,359,2017-07-07,$12.00,75448
460,359,2017-08-07,$12.00,75448
461,365,2017-09-04,$12.00,75448
462,370,2017-08-27,$900.00,16318
463,372,2017-04-13,$240.00,35386
464,372,2018-04-13,$240.00,35386
465,372,2019-04-05,$900.00,16318
466,372,2020-04-13,$900.00,16318
467,373,2017-06-04,$84.00,75449
468,373,2018-06-04,$84.00,75449
469,374,2018-01-06,$35.00,35385
470,380,2014-09-10,$240.00,35386
471,380,2015-09-10,$240.00,35386
472,383,2018-02-20,$135.00,16317
473,383,2018-03-20,$135.00,16317
474,383,2018-04-20,$135.00,16317
475,386,2016-02-26,$900.00,16318
476,386,2017-02-26,$900.00,16318
477,386,2018-02-20,$35.00,35385
478,386,2018-03-26,$35.00,35385
479,386,2018-04-26,$35.00,35385
480,386,2018-05-26,$35.00,35385
481,386,2018-06-26,$35.00,35385
482,386,2018-07-26,$35.00,35385
483,386,2018-08-26,$35.00,35385
484,391,2017-04-02,$12.00,75448
485,392,2017-04-18,$35.00,35385
486,392,2017-05-18,$35.00,35385
487,392,2017-06-18,$35.00,35385
488,392,2017-07-18,$35.00,35385
489,392,2017-08-18,$35.00,35385
490,392,2017-09-18,$35.00,35385
491,392,2017-10-06,$84.00,75449
492,392,2018-10-08,$12.00,75448
493,392,2018-11-18,$12.00,75448
494,407,2017-11-06,$240.00,35386
495,407,2018-11-06,$240.00,35386
496,407,2019-11-06,$240.00,35386
497,407,2020-11-06,$240.00,35386
498,411,2014-03-03,$35.00,35385
499,411,2014-04-03,$35.00,35385
500,411,2014-05-03,$35.00,35385
501,411,2014-06-03,$35.00,35385
502,411,2014-07-03,$35.00,35385
503,411,2014-08-03,$35.00,35385
504,412,2017-01-27,$12.00,75448
505,412,2017-02-27,$12.00,75448
506,412,2017-03-27,$12.00,75448
507,414,2016-08-19,$12.00,75448
508,414,2016-09-19,$12.00,75448
509,418,2015-10-24,$84.00,75449
510,418,2016-10-24,$84.00,75449
511,418,2017-10-24,$84.00,75449
512,418,2018-10-24,$84.00,75449
513,418,2019-10-24,$84.00,75449
514,418,2020-10-24,$84.00,75449
515,419,2018-05-26,$35.00,35385
516,419,2018-06-26,$35.00,35385
517,421,2017-02-14,$84.00,75449
518,421,2018-02-11,$12.00,75448
519,421,2018-03-12,$35.00,35385
520,421,2018-04-08,$240.00,35386
521,421,2019-04-10,$135.00,16317
522,421,2019-05-14,$135.00,16317
523,421,2019-06-14,$135.00,16317
524,421,2019-07-02,$900.00,16318
525,423,2015-06-13,$84.00,75449
526,423,2016-06-13,$84.00,75449
527,423,2017-06-13,$84.00,75449
528,423,2018-06-13,$84.00,75449
529,423,2019-06-13,$84.00,75449
530,423,2020-05-30,$12.00,75448
531,426,2016-09-19,$84.00,75449
532,426,2017-09-06,$12.00,75448
533,426,2017-10-19,$12.00,75448
534,426,2017-11-19,$12.00,75448
535,426,2017-12-19,$12.00,75448
536,427,2017-11-10,$84.00,75449
537,427,2018-11-09,$12.00,75448
538,429,2016-05-25,$240.00,35386
539,429,2017-05-25,$240.00,35386
540,429,2018-05-20,$900.00,16318
541,429,2019-05-20,$35.00,35385
542,429,2019-06-25,$35.00,35385
543,429,2019-07-25,$35.00,35385
544,429,2019-08-25,$35.00,35385
545,429,2019-09-25,$35.00,35385
546,429,2019-10-16,$900.00,16318
547,432,2017-01-09,$12.00,75448
548,435,2014-10-14,$35.00,35385
549,435,2014-11-14,$35.00,35385
550,435,2014-12-14,$35.00,35385
551,435,2015-01-14,$35.00,35385
552,435,2015-02-14,$35.00,35385
553,435,2015-03-14,$35.00,35385
554,435,2015-04-11,$84.00,75449
555,435,2016-04-14,$84.00,75449
556,435,2017-04-11,$12.00,75448
557,435,2017-05-03,$84.00,75449
558,435,2018-05-14,$84.00,75449
559,435,2019-05-14,$84.00,75449
560,435,2020-05-14,$84.00,75449
561,441,2018-04-09,$135.00,16317
562,444,2016-08-23,$35.00,35385
563,444,2016-09-23,$35.00,35385
564,444,2016-10-23,$35.00,35385
565,444,2016-11-09,$12.00,75448
566,444,2016-12-11,$84.00,75449
567,452,2015-11-21,$12.00,75448
568,454,2018-02-02,$240.00,35386
569,457,2014-11-26,$12.00,75448
570,457,2014-12-26,$12.00,75448
571,457,2015-01-26,$12.00,75448
572,457,2015-02-26,$12.00,75448
573,457,2015-03-26,$12.00,75448
574,457,2015-04-21,$135.00,16317
575,457,2015-05-26,$135.00,16317
576,457,2015-06-17,$84.00,75449
577,457,2016-06-26,$84.00,75449
578,457,2017-06-26,$84.00,75449
579,457,2018-06-15,$35.00,35385
580,457,2018-07-26,$35.00,35385
581,457,2018-08-14,$135.00,16317
582,457,2018-09-14,$35.00,35385
583,457,2018-10-26,$35.00,35385
584,462,2017-11-03,$135.00,16317
585,464,2013-11-10,$240.00,35386
586,464,2014-10-28,$900.00,16318
587,466,2016-09-15,$35.00,35385
588,466,2016-10-02,$12.00,75448
589,466,2016-11-15,$12.00,75448
590,469,2015-12-14,$240.00,35386
591,469,2016-12-14,$240.00,35386
592,469,2017-12-10,$135.00,16317
593,473,2018-04-24,$240.00,35386
594,476,2015-11-16,$35.00,35385
595,476,2015-12-16,$35.00,35385
596,476,2016-01-16,$35.00,35385
597,476,2016-02-16,$35.00,35385
598,476,2016-03-05,$84.00,75449
599,476,2017-03-14,$240.00,35386
600,476,2018-03-16,$240.00,35386
601,476,2019-03-16,$240.00,35386
602,476,2020-03-16,$240.00,35386
603,478,2016-07-14,$12.00,75448
604,484,2018-02-01,$84.00,75449
605,484,2019-02-01,$84.00,75449
606,484,2020-02-01,$84.00,75449
607,484,2021-01-19,$12.00,75448
608,484,2021-02-22,$35.00,35385
609,484,2021-04-01,$35.00,35385
610,490,2016-04-10,$900.00,16318
611,490,2017-03-29,$240.00,35386
612,490,2018-04-10,$240.00,35386
613,490,2019-04-10,$240.00,35386
614,490,2020-03-30,$12.00,75448
615,490,2020-05-06,$240.00,35386
616,490,2021-04-29,$35.00,35385
617,494,2018-05-21,$12.00,75448
618,495,2018-02-13,$84.00,75449
619,496,2018-02-01,$135.00,16317
620,496,2018-03-01,$135.00,16317
621,498,2018-01-02,$135.00,16317
622,499,2014-01-11,$12.00,75448
623,499,2014-02-11,$12.00,75448
624,499,2014-03-11,$12.00,75448
625,500,2017-02-12,$240.00,35386
626,500,2018-02-06,$84.00,75449
627,500,2019-02-12,$84.00,75449
628,501,2017-10-08,$35.00,35385
629,501,2017-11-05,$84.00,75449
630,501,2018-10-25,$12.00,75448
631,501,2018-12-08,$12.00,75448
632,504,2018-04-03,$35.00,35385
633,504,2018-05-03,$35.00,35385
634,504,2018-06-01,$900.00,16318
635,504,2019-06-03,$900.00,16318
636,504,2020-06-03,$900.00,16318
637,507,2016-07-20,$12.00,75448
638,507,2016-08-20,$12.00,75448
639,507,2016-09-20,$12.00,75448
640,507,2016-10-20,$12.00,75448
641,507,2016-11-20,$12.00,75448
642,507,2016-12-20,$12.00,75448
643,507,2017-01-20,$12.00,75448
644,507,2017-02-20,$12.00,75448
645,507,2017-03-20,$12.00,75448
646,511,2015-07-11,$84.00,75449
647,511,2016-07-11,$84.00,75449
648,511,2017-06-29,$12.00,75448
649,511,2017-08-11,$12.00,75448
650,511,2017-08-31,$84.00,75449
651,511,2018-09-11,$84.00,75449
652,511,2019-09-11,$84.00,75449
653,511,2020-09-11,$84.00,75449
654,514,2015-12-07,$135.00,16317
655,514,2016-01-01,$900.00,16318
656,515,2016-01-25,$12.00,75448
657,515,2016-02-25,$12.00,75448
658,516,2014-08-23,$12.00,75448
659,516,2014-09-23,$12.00,75448
660,516,2014-10-23,$12.00,75448
661,516,2014-11-23,$12.00,75448
662,516,2014-12-23,$12.00,75448
663,516,2015-01-14,$240.00,35386
664,516,2016-01-23,$240.00,35386
665,516,2017-01-20,$135.00,16317
666,516,2017-02-23,$135.00,16317
667,517,2018-01-12,$900.00,16318
668,517,2018-12-30,$84.00,75449
669,529,2016-04-07,$35.00,35385
670,533,2018-03-06,$12.00,75448
671,533,2018-03-28,$84.00,75449
672,534,2017-01-13,$35.00,35385
673,534,2017-02-13,$35.00,35385
674,534,2017-03-13,$35.00,35385
675,534,2017-04-11,$135.00,16317
676,534,2017-05-13,$135.00,16317
677,534,2017-06-13,$135.00,16317
678,535,2017-08-04,$900.00,16318
679,535,2018-08-04,$900.00,16318
680,535,2019-08-04,$900.00,16318
681,535,2020-07-30,$12.00,75448
682,535,2020-09-04,$12.00,75448
683,535,2020-10-04,$12.00,75448
684,535,2020-11-02,$35.00,35385
685,535,2020-12-04,$35.00,35385
686,535,2021-01-04,$35.00,35385
687,535,2021-02-04,$35.00,35385
688,535,2021-03-03,$12.00,75448
689,537,2018-05-18,$135.00,16317
690,537,2018-06-18,$135.00,16317
691,537,2018-07-17,$900.00,16318
692,537,2019-07-17,$84.00,75449
693,546,2016-11-28,$135.00,16317
694,546,2016-12-28,$135.00,16317
695,546,2017-01-28,$135.00,16317
696,546,2017-02-28,$135.00,16317
697,546,2017-03-17,$35.00,35385
698,546,2017-04-22,$135.00,16317
699,546,2017-05-28,$135.00,16317
700,546,2017-06-23,$900.00,16318
701,546,2018-06-28,$900.00,16318
702,550,2015-03-03,$35.00,35385
703,553,2018-05-13,$35.00,35385
704,553,2018-06-13,$35.00,35385
705,553,2018-07-08,$12.00,75448
706,553,2018-08-13,$135.00,16317
707,553,2018-09-13,$135.00,16317
708,553,2018-10-13,$135.00,16317
709,553,2018-11-13,$135.00,16317
710,553,2018-12-13,$135.00,16317
711,553,2019-01-13,$135.00,16317
712,553,2019-02-13,$135.00,16317
713,557,2017-10-21,$135.00,16317
714,557,2017-11-21,$135.00,16317
715,557,2017-12-21,$135.00,16317
716,557,2018-01-21,$135.00,16317
717,557,2018-02-21,$135.00,16317
718,558,2017-05-09,$84.00,75449
719,558,2018-05-09,$84.00,75449
720,561,2018-04-03,$135.00,16317
721,561,2018-05-03,$135.00,16317
722,561,2018-06-03,$135.00,16317
723,562,2018-01-25,$135.00,16317
724,562,2018-02-23,$240.00,35386
725,566,2018-05-20,$12.00,75448
726,566,2018-06-20,$12.00,75448
727,569,2017-05-16,$12.00,75448
728,569,2017-06-16,$12.00,75448
729,569,2017-07-16,$12.00,75448
730,575,2016-03-20,$900.00,16318
731,582,2016-09-17,$12.00,75448
732,586,2017-07-26,$135.00,16317
733,586,2017-08-26,$135.00,16317
734,586,2017-09-26,$135.00,16317
735,586,2017-10-26,$135.00,16317
736,586,2017-11-26,$135.00,16317
737,586,2017-12-26,$135.00,16317
738,586,2018-01-26,$135.00,16317
739,586,2018-02-26,$135.00,16317
740,586,2018-03-26,$135.00,16317
741,589,2018-04-04,$900.00,16318
742,589,2019-04-04,$900.00,16318
743,589,2020-04-04,$900.00,16318
744,591,2014-01-17,$240.00,35386
745,591,2015-01-17,$240.00,35386
746,591,2016-01-06,$84.00,75449
747,591,2017-01-12,$35.00,35385
748,599,2017-09-12,$135.00,16317
749,599,2017-10-12,$135.00,16317
750,599,2017-11-12,$135.00,16317
751,599,2017-12-05,$900.00,16318
752,601,2018-01-12,$84.00,75449
753,601,2019-01-12,$84.00,75449
754,601,2020-01-12,$84.00,75449
755,603,2017-12-02,$240.00,35386
756,603,2018-12-02,$240.00,35386
757,603,2019-12-02,$240.00,35386
758,603,2020-11-27,$84.00,75449
759,604,2014-11-27,$900.00,16318
760,604,2015-11-27,$900.00,16318
761,604,2016-11-27,$900.00,16318
762,604,2017-11-27,$900.00,16318
763,604,2018-11-27,$900.00,16318
764,606,2018-05-16,$84.00,75449
765,606,2019-05-16,$84.00,75449
766,606,2020-05-16,$84.00,75449
767,610,2017-09-13,$12.00,75448
768,610,2017-10-13,$12.00,75448
769,610,2017-11-13,$12.00,75448
770,610,2017-11-30,$35.00,35385
771,610,2018-01-13,$35.00,35385
772,610,2018-02-13,$35.00,35385
773,610,2018-02-27,$240.00,35386
774,612,2013-07-14,$12.00,75448
775,612,2013-07-31,$84.00,75449
776,612,2014-08-14,$84.00,75449
777,616,2016-08-19,$240.00,35386
778,617,2018-02-10,$135.00,16317
779,617,2018-03-10,$135.00,16317
780,617,2018-03-30,$900.00,16318
781,617,2019-04-09,$35.00,35385
782,617,2019-05-10,$35.00,35385
783,619,2017-03-24,$84.00,75449
784,623,2018-05-13,$35.00,35385
785,623,2018-06-13,$35.00,35385
786,623,2018-06-29,$84.00,75449
787,625,2016-08-13,$135.00,16317
788,625,2016-09-13,$135.00,16317
789,625,2016-10-13,$135.00,16317
790,625,2016-11-13,$135.00,16317
791,625,2016-12-13,$135.00,16317
792,625,2017-01-13,$135.00,16317
793,626,2016-02-11,$900.00,16318
794,626,2017-02-11,$900.00,16318
795,626,2018-02-02,$12.00,75448
796,626,2018-03-01,$35.00,35385
797,626,2018-03-31,$12.00,75448
798,627,2016-06-12,$135.00,16317
799,627,2016-07-04,$84.00,75449
800,627,2017-06-30,$12.00,75448
801,627,2017-08-12,$12.00,75448
802,628,2018-02-24,$135.00,16317
803,628,2018-03-24,$135.00,16317
804,628,2018-04-24,$135.00,16317
805,628,2018-05-24,$135.00,16317
806,636,2016-05-15,$900.00,16318
807,636,2017-05-15,$900.00,16318
808,636,2018-05-15,$900.00,16318
809,637,2018-03-13,$240.00,35386
810,637,2019-03-10,$135.00,16317
811,637,2019-04-13,$135.00,16317
812,637,2019-04-30,$900.00,16318
813,639,2017-10-20,$240.00,35386
814,639,2018-10-13,$84.00,75449
815,639,2019-10-20,$84.00,75449
816,644,2017-08-19,$135.00,16317
817,644,2017-09-19,$135.00,16317
818,644,2017-10-07,$900.00,16318
819,644,2018-10-19,$900.00,16318
820,644,2019-10-19,$900.00,16318
821,644,2020-10-19,$900.00,16318
822,647,2014-02-03,$240.00,35386
823,652,2017-05-06,$135.00,16317
824,652,2017-06-06,$135.00,16317
825,655,2015-01-18,$900.00,16318
826,655,2016-01-13,$84.00,75449
827,661,2017-11-12,$135.00,16317
828,661,2017-12-12,$135.00,16317
829,661,2017-12-31,$12.00,75448
830,662,2016-11-18,$135.00,16317
831,662,2016-12-18,$135.00,16317
832,662,2017-01-18,$135.00,16317
833,662,2017-02-18,$135.00,16317
834,662,2017-03-12,$84.00,75449
835,663,2017-04-04,$900.00,16318
836,663,2018-04-04,$900.00,16318
837,664,2017-12-09,$240.00,35386
838,664,2018-12-09,$240.00,35386
839,664,2019-12-09,$240.00,35386
840,667,2018-05-11,$240.00,35386
841,667,2019-05-11,$240.00,35386
842,667,2020-05-11,$240.00,35386
843,667,2021-05-06,$135.00,16317
844,671,2017-04-22,$900.00,16318
845,671,2018-04-22,$900.00,16318
846,674,2018-01-08,$135.00,16317
847,674,2018-02-08,$135.00,16317
848,674,2018-03-05,$240.00,35386
849,674,2019-02-27,$12.00,75448
850,674,2019-04-08,$12.00,75448
851,677,2018-03-13,$135.00,16317
852,677,2018-04-07,$900.00,16318
853,679,2017-06-04,$84.00,75449
854,679,2018-06-04,$84.00,75449
855,680,2017-09-18,$84.00,75449
856,680,2018-09-05,$135.00,16317
857,680,2018-10-18,$135.00,16317
858,682,2018-04-01,$84.00,75449
859,687,2016-09-23,$84.00,75449
860,689,2017-07-14,$35.00,35385
861,691,2016-11-03,$135.00,16317
862,691,2016-12-03,$135.00,16317
863,691,2017-01-03,$135.00,16317
864,691,2017-02-03,$900.00,16318
865,691,2018-02-02,$135.00,16317
866,691,2018-03-03,$135.00,16317
867,691,2018-04-03,$135.00,16317
868,691,2018-04-21,$84.00,75449
869,691,2019-04-21,$240.00,35386
870,693,2018-05-13,$84.00,75449
871,693,2019-05-08,$12.00,75448
872,693,2019-06-13,$12.00,75448
873,693,2019-07-13,$12.00,75448
874,699,2015-12-02,$12.00,75448
875,699,2015-12-26,$900.00,16318
876,700,2016-06-22,$35.00,35385
877,700,2016-07-22,$35.00,35385
878,700,2016-08-22,$35.00,35385
879,700,2016-09-22,$84.00,75449
880,700,2017-09-17,$12.00,75448
881,700,2017-10-11,$240.00,35386
882,700,2018-10-21,$84.00,75449
883,700,2019-10-22,$12.00,75448
884,700,2019-11-22,$12.00,75448
885,700,2019-12-11,$240.00,35386
886,700,2020-12-20,$35.00,35385
887,700,2021-01-22,$35.00,35385
888,703,2017-09-23,$35.00,35385
889,703,2017-10-23,$35.00,35385
890,703,2017-11-17,$12.00,75448
891,703,2017-12-23,$12.00,75448
892,704,2017-12-04,$135.00,16317
893,704,2018-01-04,$135.00,16317
894,705,2016-01-22,$12.00,75448
895,705,2016-02-22,$12.00,75448
896,705,2016-03-22,$12.00,75448
897,708,2017-05-23,$35.00,35385
898,708,2017-06-13,$135.00,16317
899,708,2017-07-20,$12.00,75448
900,708,2017-08-23,$12.00,75448
901,708,2017-09-23,$12.00,75448
902,712,2015-11-08,$240.00,35386
903,712,2016-11-08,$240.00,35386
904,712,2017-11-08,$240.00,35386
905,712,2018-10-25,$900.00,16318
906,715,2017-04-15,$900.00,16318
907,719,2017-06-10,$84.00,75449
908,724,2018-03-16,$35.00,35385
909,724,2018-04-16,$35.00,35385
910,724,2018-05-16,$35.00,35385
911,724,2018-06-07,$12.00,75448
912,729,2016-03-13,$84.00,75449
913,742,2017-06-27,$84.00,75449
914,742,2018-06-27,$84.00,75449
915,743,2018-05-13,$84.00,75449
916,743,2019-05-13,$84.00,75449
917,743,2020-05-13,$84.00,75449
918,744,2015-09-23,$240.00,35386
919,748,2018-04-12,$135.00,16317
920,748,2018-04-29,$900.00,16318
921,748,2019-05-12,$900.00,16318
922,752,2017-02-11,$35.00,35385
923,752,2017-03-11,$35.00,35385
924,752,2017-04-11,$35.00,35385
925,752,2017-05-04,$12.00,75448
926,756,2018-03-15,$35.00,35385
927,759,2018-05-27,$84.00,75449
928,759,2019-05-25,$12.00,75448
929,759,2019-06-27,$12.00,75448
930,764,2017-04-03,$12.00,75448
931,768,2017-03-28,$84.00,75449
932,768,2018-03-22,$12.00,75448
933,768,2018-04-28,$12.00,75448
934,768,2018-05-28,$12.00,75448
935,768,2018-06-28,$12.00,75448
936,768,2018-07-28,$12.00,75448
937,769,2016-11-25,$12.00,75448
938,769,2016-12-25,$12.00,75448
939,769,2017-01-25,$12.00,75448
940,769,2017-02-15,$900.00,16318
941,769,2018-02-25,$900.00,16318
942,769,2019-02-17,$35.00,35385
943,769,2019-03-19,$240.00,35386
944,769,2020-03-25,$240.00,35386
945,772,2015-03-11,$135.00,16317
946,777,2015-11-08,$900.00,16318
947,778,2017-07-21,$900.00,16318
948,778,2018-07-21,$900.00,16318
949,778,2019-07-21,$900.00,16318
950,782,2018-04-08,$240.00,35386
951,782,2019-04-08,$240.00,35386
952,783,2017-05-15,$84.00,75449
953,783,2018-05-08,$240.00,35386
954,783,2019-05-09,$900.00,16318
955,783,2020-05-15,$900.00,16318
956,791,2015-01-05,$135.00,16317
957,791,2015-01-31,$900.00,16318
958,793,2016-08-16,$12.00,75448
959,798,2018-02-05,$900.00,16318
960,798,2019-02-05,$900.00,16318
961,798,2020-02-05,$900.00,16318
962,800,2014-12-24,$240.00,35386
963,800,2015-12-24,$240.00,35386
964,800,2016-12-20,$900.00,16318
965,800,2017-12-24,$900.00,16318
966,801,2017-07-03,$135.00,16317
967,801,2017-08-03,$12.00,75448
968,802,2016-10-24,$12.00,75448
969,809,2018-01-07,$12.00,75448
970,810,2017-02-12,$84.00,75449
971,810,2018-02-12,$84.00,75449
972,810,2019-02-12,$84.00,75449
973,812,2018-05-08,$900.00,16318
974,812,2019-05-08,$900.00,16318
975,815,2017-11-09,$135.00,16317
976,815,2017-12-09,$135.00,16317
977,815,2018-01-09,$135.00,16317
978,815,2018-02-09,$135.00,16317
979,815,2018-03-09,$135.00,16317
980,815,2018-03-30,$84.00,75449
981,815,2019-04-09,$84.00,75449
982,815,2020-04-06,$12.00,75448
983,815,2020-05-09,$12.00,75448
984,822,2016-06-21,$12.00,75448
985,822,2016-07-21,$12.00,75448
986,822,2016-08-21,$12.00,75448
987,824,2018-02-06,$900.00,16318
988,824,2019-02-06,$900.00,16318
989,828,2016-11-21,$84.00,75449
990,828,2017-11-21,$84.00,75449
991,828,2018-11-18,$35.00,35385
992,828,2018-12-21,$35.00,35385
993,828,2019-01-21,$35.00,35385
994,828,2019-02-21,$35.00,35385
995,830,2017-12-10,$135.00,16317
996,835,2018-04-13,$240.00,35386
997,835,2019-04-10,$135.00,16317
998,835,2019-05-13,$12.00,75448
999,835,2019-06-13,$12.00,75448
1000,835,2019-07-13,$12.00,75448
1001,840,2016-09-16,$84.00,75449
1002,840,2017-09-13,$12.00,75448
1003,843,2018-05-23,$12.00,75448
1004,843,2018-06-15,$135.00,16317
1005,843,2018-07-23,$135.00,16317
1006,843,2018-08-23,$900.00,16318
1007,843,2019-08-23,$900.00,16318
1008,843,2020-08-23,$900.00,16318
1009,848,2017-09-28,$12.00,75448
1010,851,2016-10-04,$135.00,16317
1011,851,2016-11-04,$135.00,16317
1012,851,2016-11-21,$35.00,35385
1013,851,2017-01-04,$35.00,35385
1014,851,2017-02-04,$35.00,35385
1015,851,2017-03-04,$35.00,35385
1016,851,2017-04-04,$35.00,35385
1017,851,2017-05-04,$35.00,35385
1018,851,2017-06-02,$900.00,16318
1019,851,2018-06-04,$900.00,16318
1020,851,2019-05-31,$135.00,16317
1021,851,2019-07-04,$135.00,16317
1022,851,2019-08-04,$135.00,16317
1023,851,2019-08-21,$35.00,35385
1024,851,2019-10-01,$12.00,75448
1025,856,2018-01-03,$240.00,35386
1026,856,2019-01-03,$240.00,35386
1027,856,2020-01-03,$240.00,35386
1028,857,2018-05-22,$135.00,16317
1029,857,2018-06-22,$135.00,16317
1030,857,2018-07-22,$135.00,16317
1031,857,2018-08-10,$84.00,75449
1032,857,2019-08-19,$12.00,75448
1033,857,2019-09-22,$12.00,75448
1034,857,2019-10-15,$240.00,35386
1035,857,2020-10-22,$240.00,35386
1036,859,2014-08-24,$900.00,16318
1037,860,2017-10-14,$900.00,16318
1038,860,2018-09-30,$35.00,35385
1039,860,2018-11-14,$35.00,35385
1040,860,2018-12-14,$35.00,35385
1041,860,2019-01-14,$35.00,35385
1042,860,2019-02-14,$35.00,35385
1043,861,2018-01-16,$35.00,35385
1044,862,2014-06-22,$135.00,16317
1045,862,2014-07-22,$135.00,16317
1046,862,2014-08-22,$135.00,16317
1047,862,2014-09-22,$135.00,16317
1048,862,2014-10-22,$135.00,16317
1049,862,2014-11-13,$900.00,16318
1050,862,2015-11-22,$900.00,16318
1051,862,2016-11-22,$900.00,16318
1052,864,2016-12-15,$135.00,16317
1053,864,2017-01-15,$135.00,16317
1054,864,2017-02-09,$900.00,16318
1055,864,2018-02-15,$900.00,16318
1056,865,2016-06-28,$35.00,35385
1057,865,2016-07-28,$35.00,35385
1058,865,2016-08-28,$84.00,75449
1059,865,2017-08-28,$84.00,75449
1060,865,2018-08-15,$12.00,75448
1061,865,2018-09-28,$900.00,16318
1062,865,2019-09-28,$900.00,16318
1063,867,2017-05-07,$240.00,35386
1064,867,2018-05-06,$35.00,35385
1065,867,2018-06-06,$135.00,16317
1066,867,2018-07-07,$135.00,16317
1067,867,2018-08-07,$135.00,16317
1068,867,2018-09-07,$135.00,16317
1069,867,2018-10-07,$135.00,16317
1070,867,2018-11-07,$135.00,16317
1071,867,2018-12-07,$135.00,16317
1072,867,2019-01-07,$135.00,16317
1073,867,2019-02-07,$135.00,16317
1074,867,2019-03-07,$135.00,16317
1075,867,2019-03-29,$35.00,35385
1076,870,2017-08-23,$240.00,35386
1077,870,2018-08-23,$240.00,35386
1078,870,2019-08-23,$240.00,35386
1079,870,2020-08-23,$240.00,35386
1080,871,2017-10-07,$12.00,75448
1081,871,2017-11-07,$12.00,75448
1082,876,2018-03-17,$84.00,75449
1083,876,2019-03-17,$84.00,75449
1084,876,2020-03-17,$84.00,75449
1085,877,2018-04-02,$900.00,16318
1086,877,2019-04-02,$900.00,16318
1087,877,2020-04-02,$900.00,16318
1088,879,2018-05-26,$135.00,16317
1089,879,2018-06-26,$135.00,16317
1090,879,2018-07-26,$135.00,16317
1091,879,2018-08-26,$135.00,16317
1092,883,2017-11-01,$900.00,16318
1093,883,2018-11-01,$900.00,16318
1094,886,2017-05-01,$12.00,75448
1095,886,2017-06-01,$12.00,75448
1096,886,2017-07-01,$12.00,75448
1097,886,2017-07-29,$84.00,75449
1098,886,2018-07-31,$12.00,75448
1099,886,2018-09-01,$12.00,75448
1100,887,2016-11-18,$900.00,16318
1101,887,2017-11-18,$900.00,16318
1102,887,2018-11-18,$900.00,16318
1103,887,2019-11-13,$12.00,75448
1104,887,2019-12-18,$12.00,75448
1105,887,2020-01-18,$12.00,75448
1106,891,2018-02-09,$135.00,16317
1107,891,2018-02-26,$12.00,75448
1108,894,2014-01-28,$84.00,75449
1109,895,2017-02-10,$900.00,16318
1110,895,2018-02-07,$135.00,16317
1111,895,2018-02-27,$35.00,35385
1112,895,2018-04-10,$35.00,35385
1113,895,2018-05-10,$35.00,35385
1114,895,2018-05-30,$135.00,16317
1115,899,2015-12-03,$135.00,16317
1116,899,2016-01-03,$135.00,16317
1117,899,2016-02-03,$135.00,16317
1118,899,2016-03-03,$135.00,16317
1119,899,2016-04-03,$135.00,16317
1120,899,2016-05-03,$135.00,16317
1121,899,2016-06-03,$135.00,16317
1122,899,2016-07-03,$135.00,16317
1123,899,2016-08-03,$135.00,16317
1124,903,2016-05-19,$900.00,16318
1125,903,2017-05-19,$900.00,16318
1126,903,2018-05-19,$900.00,16318
1127,903,2019-05-19,$900.00,16318
1128,903,2020-05-19,$900.00,16318
1129,905,2017-09-06,$84.00,75449
1130,905,2018-09-03,$135.00,16317
1131,905,2018-10-06,$135.00,16317
1132,905,2018-11-06,$135.00,16317
1133,905,2018-12-04,$84.00,75449
1134,905,2019-12-02,$12.00,75448
1135,905,2020-01-06,$12.00,75448
1136,905,2020-02-06,$12.00,75448
1137,905,2020-03-06,$12.00,75448
1138,905,2020-03-31,$240.00,35386
1139,913,2018-05-12,$240.00,35386
1140,913,2019-05-07,$900.00,16318
1141,913,2020-05-12,$900.00,16318
1142,915,2018-01-20,$240.00,35386
1143,915,2019-01-20,$240.00,35386
1144,915,2020-01-10,$900.00,16318
1145,915,2021-01-16,$35.00,35385
1146,915,2021-02-20,$35.00,35385
1147,917,2016-08-11,$240.00,35386
1148,917,2017-08-11,$240.00,35386
1149,918,2015-08-09,$12.00,75448
1150,918,2015-09-09,$12.00,75448
1151,918,2015-10-09,$12.00,75448
1152,926,2015-04-08,$240.00,35386
1153,926,2016-04-08,$240.00,35386
1154,926,2017-03-30,$35.00,35385
1155,926,2017-05-08,$35.00,35385
1156,926,2017-05-31,$240.00,35386
1157,926,2018-06-08,$240.00,35386
1158,930,2014-10-19,$240.00,35386
1159,930,2015-10-19,$240.00,35386
1160,930,2016-10-10,$35.00,35385
1161,930,2016-11-16,$12.00,75448
1162,930,2016-12-19,$12.00,75448
1163,930,2017-01-10,$135.00,16317
1164,930,2017-02-19,$135.00,16317
1165,930,2017-03-19,$135.00,16317
1166,930,2017-04-15,$84.00,75449
1167,930,2018-04-16,$135.00,16317
1168,932,2017-05-19,$84.00,75449
1169,932,2018-05-19,$135.00,16317
1170,932,2018-06-19,$135.00,16317
1171,932,2018-07-14,$12.00,75448
1172,932,2018-08-19,$12.00,75448
1173,932,2018-09-19,$12.00,75448
1174,932,2018-10-19,$12.00,75448
1175,935,2018-04-04,$900.00,16318
1176,935,2019-03-24,$240.00,35386
1177,935,2020-04-04,$240.00,35386
1178,935,2021-04-01,$12.00,75448
1179,938,2017-10-13,$135.00,16317
1180,940,2017-11-20,$135.00,16317
1181,940,2017-12-17,$900.00,16318
1182,941,2017-12-27,$240.00,35386
1183,943,2018-04-26,$240.00,35386
1184,943,2019-04-22,$900.00,16318
1185,943,2020-04-26,$900.00,16318
1186,944,2018-02-03,$35.00,35385
1187,944,2018-03-03,$35.00,35385
1188,944,2018-04-03,$35.00,35385
1189,944,2018-04-27,$900.00,16318
1190,946,2017-07-26,$12.00,75448
1191,946,2017-08-23,$135.00,16317
1192,946,2017-09-21,$900.00,16318
1193,950,2018-04-23,$135.00,16317
1194,950,2018-05-11,$12.00,75448
1195,950,2018-06-23,$12.00,75448
1196,950,2018-07-23,$12.00,75448
1197,961,2017-01-09,$900.00,16318
1198,961,2018-01-09,$900.00,16318
1199,966,2018-04-28,$900.00,16318
1200,966,2019-04-22,$35.00,35385
1201,966,2019-05-20,$12.00,75448
1202,969,2015-12-26,$12.00,75448
1203,974,2015-04-09,$135.00,16317
1204,974,2015-05-09,$135.00,16317
1205,977,2017-08-01,$240.00,35386
1206,977,2018-07-19,$84.00,75449
1207,977,2019-08-01,$84.00,75449
1208,977,2020-08-01,$84.00,75449
1209,977,2021-07-18,$12.00,75448
1210,977,2021-08-24,$135.00,16317
1211,977,2021-10-01,$135.00,16317
1212,977,2021-10-25,$12.00,75448
1213,978,2018-04-08,$900.00,16318
1214,978,2019-04-08,$900.00,16318
1215,978,2020-04-04,$84.00,75449
1216,982,2017-05-02,$900.00,16318
1217,982,2018-05-02,$900.00,16318
1218,982,2019-05-02,$900.00,16318
1219,985,2017-11-14,$900.00,16318
1220,987,2018-04-26,$84.00,75449
1221,987,2019-04-26,$135.00,16317
1222,987,2019-05-18,$35.00,35385
1223,987,2019-06-15,$12.00,75448
1224,987,2019-07-26,$12.00,75448
1225,987,2019-08-17,$84.00,75449
1226,987,2020-08-26,$84.00,75449
1227,987,2021-08-26,$12.00,75448
1228,987,2021-09-26,$12.00,75448
1229,992,2015-09-24,$35.00,35385
1230,992,2015-10-24,$84.00,75449
1231,992,2016-10-24,$84.00,75449
1232,993,2018-05-15,$135.00,16317
1233,993,2018-06-14,$900.00,16318
1234,993,2019-06-15,$900.00,16318
1235,993,2020-06-02,$135.00,16317
1236,995,2018-05-25,$900.00,16318
1237,1000,2014-06-21,$240.00,35386
1238,1000,2015-06-21,$240.00,35386
1239,1000,2016-06-21,$240.00,35386
1240,1000,2017-06-20,$135.00,16317