user_id,date,event,plan_id
1,2021-01-05,Sign Up,0
1,2021-01-15,Upgrade,35385
1,2021-02-15,Renew,35385
1,2021-03-15,Downgrade,75448
1,2021-04-15,Expire,0
2,2013-02-21,Sign Up,0
2,2017-06-14,Upgrade,16317
2,2017-07-14,Renew,16317
2,2017-08-14,Renew,16317
2,2017-09-14,Renew,16317
2,2017-10-14,Expire,0
3,2014-10-18,Sign Up,0
3,2017-01-18,Upgrade,75449
3,2018-01-18,Renew,75449
3,2019-01-16,Downgrade,75448
3,2019-02-18,Renew,75448
3,2019-03-18,Expire,0
4,2016-04-19,Sign Up,0
5,2017-12-14,Sign Up,0
6,2018-02-26,Sign Up,0
7,2018-03-07,Sign Up,0
8,2013-12-03,Sign Up,0
9,2015-06-02,Sign Up,0
10,2015-11-18,Sign Up,0
10,2017-10-25,Upgrade,35385
10,2017-11-11,Downgrade,75449
10,2018-11-11,Expire,0
11,2016-10-26,Sign Up,0
12,2013-10-15,Sign Up,0
13,2016-06-15,Sign Up,0
13,2017-02-09,Upgrade,16318
13,2018-02-09,Renew,16318
13,2019-02-09,Renew,16318
13,2020-02-09,Renew,16318
13,2021-02-09,Expire,0
14,2018-02-12,Sign Up,0
15,2013-09-21,Sign Up,0
16,2014-03-14,Sign Up,0
16,2016-05-21,Upgrade,16317
16,2016-06-09,Downgrade,75448
16,2016-07-09,Expire,0
17,2016-11-13,Sign Up,0
18,2015-09-05,Sign Up,0
19,2014-07-27,Sign Up,0
20,2017-01-10,Sign Up,0
21,2014-11-23,Sign Up,0
21,2016-11-02,Upgrade,35385
21,2016-12-02,Expire,0
22,2014-01-14,Sign Up,0
23,2015-06-08,Sign Up,0
24,2015-10-04,Sign Up,0
25,2016-12-06,Sign Up,0
25,2017-05-26,Upgrade,75449
25,2018-05-26,Renew,75449
25,2019-05-13,Upgrade,16318
25,2020-05-26,Renew,16318
25,2021-05-12,Downgrade,35385
25,2021-06-26,Renew,35385
25,2021-07-26,Expire,0
26,2016-02-13,Sign Up,0
27,2018-03-24,Sign Up,0
28,2016-01-11,Sign Up,0
28,2017-05-03,Upgrade,75449
28,2018-05-03,Renew,75449
28,2019-05-01,Downgrade,75448
28,2019-06-01,Expire,0
29,2018-02-07,Sign Up,0
29,2018-03-04,Upgrade,16318
29,2019-03-04,Expire,0
30,2017-05-01,Sign Up,0
31,2015-01-14,Sign Up,0
32,2015-09-13,Sign Up,0
33,2013-10-17,Sign Up,0
34,2014-09-22,Sign Up,0
35,2015-10-11,Sign Up,0
36,2018-03-05,Sign Up,0
36,2018-03-12,Upgrade,75449
36,2019-03-12,Renew,75449
36,2020-03-12,Renew,75449
36,2021-02-27,Downgrade,75448
36,2021-04-12,Renew,75448
36,2021-05-12,Expire,0
37,2014-12-05,Sign Up,0
38,2017-07-11,Sign Up,0
39,2014-07-17,Sign Up,0
39,2014-10-28,Upgrade,16317
39,2014-11-26,Downgrade,75449
39,2015-11-21,Upgrade,35386
39,2016-11-28,Renew,35386
39,2017-11-27,Upgrade,16318
39,2018-11-28,Renew,16318
39,2019-11-28,Expire,0
40,2015-03-12,Sign Up,0
41,2016-02-14,Sign Up,0
42,2016-11-27,Sign Up,0
42,2016-12-02,Upgrade,75449
42,2017-12-02,Expire,0
43,2016-11-04,Sign Up,0
44,2015-02-02,Sign Up,0
44,2016-07-04,Upgrade,75448
44,2016-07-22,Upgrade,16317
44,2016-08-30,Upgrade,16318
44,2017-09-04,Renew,16318
44,2018-09-04,Expire,0
45,2015-04-24,Sign Up,0
46,2013-06-22,Sign Up,0
47,2016-07-15,Sign Up,0
48,2014-09-07,Sign Up,0
48,2015-06-17,Upgrade,16317
48,2015-07-11,Upgrade,16318
48,2016-07-11,Expire,0
49,2018-02-16,Sign Up,0
50,2016-07-01,Sign Up,0
50,2018-03-13,Upgrade,75448
50,2018-04-13,Renew,75448
50,2018-05-13,Renew,75448
50,2018-06-13,Expire,0
51,2017-05-18,Sign Up,0
51,2017-07-20,Upgrade,35385
51,2017-08-20,Expire,0
52,2016-02-07,Sign Up,0
53,2013-10-27,Sign Up,0
54,2014-02-23,Sign Up,0
55,2013-11-15,Sign Up,0
56,2015-04-15,Sign Up,0
57,2013-07-25,Sign Up,0
58,2015-12-22,Sign Up,0
59,2014-10-14,Sign Up,0
60,2014-05-04,Sign Up,0
61,2014-10-13,Sign Up,0
62,2015-11-13,Sign Up,0
63,2017-07-21,Sign Up,0
63,2017-10-03,Upgrade,35386
63,2018-09-29,Upgrade,16318
63,2019-10-03,Renew,16318
63,2020-09-25,Downgrade,75448
63,2020-10-25,Expire,0
64,2013-07-10,Sign Up,0
65,2013-10-22,Sign Up,0
66,2014-06-01,Sign Up,0
67,2013-04-17,Sign Up,0
68,2015-08-04,Sign Up,0
69,2014-07-24,Sign Up,0
70,2015-10-06,Sign Up,0
70,2016-05-13,Upgrade,16317
70,2016-06-13,Renew,16317
70,2016-07-11,Upgrade,16318
70,2017-07-13,Renew,16318
70,2018-07-13,Renew,16318
70,2019-07-13,Renew,16318
70,2020-07-13,Renew,16318
70,2021-07-06,Downgrade,35385
70,2021-08-13,Renew,35385
70,2021-09-13,Renew,35385
70,2021-10-13,Expire,0
71,2015-01-02,Sign Up,0
72,2015-01-28,Sign Up,0
72,2015-06-13,Upgrade,75449
72,2016-06-13,Renew,75449
72,2017-06-13,Renew,75449
72,2018-06-13,Renew,75449
72,2019-06-13,Renew,75449
72,2020-06-12,Upgrade,35385
72,2020-07-12,Expire,0
73,2013-07-06,Sign Up,0
74,2015-02-28,Sign Up,0
74,2017-08-15,Upgrade,75448
74,2017-09-15,Renew,75448
74,2017-10-15,Renew,75448
74,2017-11-07,Upgrade,16318
74,2018-11-15,Renew,16318
74,2019-11-15,Renew,16318
74,2020-11-15,Expire,0
75,2016-08-17,Sign Up,0
75,2018-03-18,Upgrade,16318
75,2019-03-18,Expire,0
76,2013-08-04,Sign Up,0
77,2014-02-11,Sign Up,0
78,2013-07-14,Sign Up,0
78,2017-06-09,Upgrade,16318
78,2018-06-09,Renew,16318
78,2019-06-09,Expire,0
79,2014-05-20,Sign Up,0
79,2016-11-20,Upgrade,35386
79,2017-11-20,Expire,0
80,2017-05-28,Sign Up,0
80,2017-06-20,Upgrade,16317
80,2017-07-20,Renew,16317
80,2017-08-20,Renew,16317
80,2017-09-14,Upgrade,16318
80,2018-09-14,Expire,0
81,2013-04-01,Sign Up,0
81,2015-12-15,Upgrade,75448
81,2016-01-15,Expire,0
82,2017-08-11,Sign Up,0
83,2015-05-19,Sign Up,0
84,2013-04-22,Sign Up,0
84,2017-07-27,Upgrade,16317
84,2017-08-24,Downgrade,75449
84,2018-08-27,Renew,75449
84,2019-08-27,Renew,75449
84,2020-08-27,Renew,75449
84,2021-08-27,Expire,0
85,2014-05-17,Sign Up,0
86,2013-02-28,Sign Up,0
87,2017-05-03,Sign Up,0
87,2018-04-13,Upgrade,35385
87,2018-05-03,Downgrade,75448
87,2018-06-03,Expire,0
88,2015-10-23,Sign Up,0
88,2016-01-15,Upgrade,16317
88,2016-02-14,Downgrade,75449
88,2017-02-09,Downgrade,75448
88,2017-03-09,Expire,0
89,2014-01-08,Sign Up,0
89,2014-12-26,Upgrade,35386
89,2015-12-12,Downgrade,75448
89,2016-01-24,Upgrade,16317
89,2016-02-26,Renew,16317
89,2016-03-26,Renew,16317
89,2016-04-26,Renew,16317
89,2016-05-26,Renew,16317
89,2016-06-22,Upgrade,16318
89,2017-06-22,Expire,0
90,2013-06-28,Sign Up,0
91,2014-01-06,Sign Up,0
91,2014-03-08,Upgrade,35386
91,2015-03-08,Expire,0
92,2016-08-07,Sign Up,0
93,2014-08-02,Sign Up,0
94,2015-07-26,Sign Up,0
95,2013-06-14,Sign Up,0
95,2018-05-19,Upgrade,75449
95,2019-05-19,Renew,75449
95,2020-05-16,Upgrade,16317
95,2020-06-19,Renew,16317
95,2020-07-19,Renew,16317
95,2020-08-19,Renew,16317
95,2020-09-19,Renew,16317
95,2020-10-19,Renew,16317
95,2020-11-19,Expire,0
96,2014-11-27,Sign Up,0
96,2017-07-18,Upgrade,75448
96,2017-08-18,Expire,0
97,2017-07-26,Sign Up,0
97,2017-12-23,Upgrade,35386
97,2018-12-23,Renew,35386
97,2019-12-09,Upgrade,16318
97,2020-12-09,Expire,0
98,2017-07-25,Sign Up,0
99,2015-02-06,Sign Up,0
100,2016-04-23,Sign Up,0
101,2017-04-15,Sign Up,0
102,2013-03-11,Sign Up,0
102,2017-04-15,Upgrade,75449
102,2018-04-15,Renew,75449
102,2019-04-10,Downgrade,75448
102,2019-05-10,Expire,0
103,2013-01-27,Sign Up,0
104,2017-04-27,Sign Up,0
104,2018-03-08,Upgrade,75449
104,2019-03-08,Renew,75449
104,2020-03-08,Renew,75449
104,2021-03-08,Expire,0
105,2017-09-22,Sign Up,0
105,2018-02-08,Upgrade,75449
105,2019-02-08,Renew,75449
105,2020-01-28,Downgrade,75448
105,2020-02-28,Expire,0
106,2016-02-11,Sign Up,0
107,2017-10-09,Sign Up,0
107,2017-10-18,Upgrade,75449
107,2018-10-18,Expire,0
108,2013-06-07,Sign Up,0
109,2016-11-27,Sign Up,0
110,2017-10-10,Sign Up,0
110,2018-02-26,Upgrade,35386
110,2019-02-26,Renew,35386
110,2020-02-26,Renew,35386
110,2021-02-26,Expire,0
111,2013-04-14,Sign Up,0
112,2016-06-18,Sign Up,0
113,2014-08-22,Sign Up,0
114,2013-08-23,Sign Up,0
115,2013-04-16,Sign Up,0
116,2015-01-04,Sign Up,0
116,2015-05-28,Upgrade,16317
116,2015-06-20,Upgrade,16318
116,2016-06-20,Expire,0
117,2017-05-06,Sign Up,0
117,2017-06-01,Upgrade,16317
117,2017-07-01,Renew,16317
117,2017-07-20,Upgrade,16318
117,2018-08-01,Renew,16318
117,2019-08-01,Renew,16318
117,2020-08-01,Expire,0
118,2014-09-15,Sign Up,0
119,2017-04-17,Sign Up,0
119,2018-01-11,Upgrade,35386
119,2019-01-11,Renew,35386
119,2020-01-11,Renew,35386
119,2021-01-11,Expire,0
120,2017-09-07,Sign Up,0
121,2013-09-27,Sign Up,0
121,2014-10-14,Upgrade,16318
121,2015-10-14,Renew,16318
121,2016-10-14,Renew,16318
121,2017-10-14,Expire,0
122,2014-07-04,Sign Up,0
122,2015-01-08,Upgrade,35386
122,2016-01-08,Renew,35386
122,2017-01-08,Renew,35386
122,2018-01-06,Upgrade,16317
122,2018-02-06,Expire,0
123,2018-05-24,Sign Up,0
124,2016-11-12,Sign Up,0
125,2014-02-11,Sign Up,0
126,2017-11-08,Sign Up,0
127,2014-07-26,Sign Up,0
127,2016-08-13,Upgrade,75448
127,2016-09-13,Renew,75448
127,2016-10-05,Upgrade,16318
127,2017-10-05,Expire,0
128,2016-03-08,Sign Up,0
129,2015-04-16,Sign Up,0
130,2016-04-05,Sign Up,0
130,2017-07-22,Upgrade,75448
130,2017-08-22,Renew,75448
130,2017-09-22,Expire,0
131,2018-01-15,Sign Up,0
131,2018-03-22,Upgrade,75449
131,2019-03-08,Upgrade,35386
131,2020-03-08,Expire,0
132,2014-03-19,Sign Up,0
133,2015-07-10,Sign Up,0
134,2017-04-02,Sign Up,0
135,2015-04-07,Sign Up,0
136,2017-01-05,Sign Up,0
137,2013-03-22,Sign Up,0
137,2014-07-14,Upgrade,16318
137,2015-07-14,Expire,0
138,2013-05-25,Sign Up,0
139,2016-04-19,Sign Up,0
139,2016-10-08,Upgrade,16317
139,2016-11-08,Renew,16317
139,2016-12-08,Upgrade,16318
139,2017-12-08,Expire,0
140,2016-09-13,Sign Up,0
141,2013-01-07,Sign Up,0
141,2013-04-06,Upgrade,16318
141,2014-04-06,Renew,16318
141,2015-04-06,Renew,16318
141,2016-04-06,Expire,0
142,2014-02-09,Sign Up,0
143,2013-02-23,Sign Up,0
144,2015-09-21,Sign Up,0
145,2013-12-10,Sign Up,0
145,2018-02-03,Upgrade,35385
145,2018-03-03,Expire,0
146,2016-03-13,Sign Up,0
147,2017-01-17,Sign Up,0
147,2017-02-06,Upgrade,16317
147,2017-03-06,Expire,0
148,2014-11-27,Sign Up,0
149,2015-01-22,Sign Up,0
150,2014-12-28,Sign Up,0
151,2015-11-17,Sign Up,0
151,2017-06-14,Upgrade,16317
151,2017-07-14,Renew,16317
151,2017-08-14,Renew,16317
151,2017-09-14,Renew,16317
151,2017-10-14,Renew,16317
151,2017-11-12,Upgrade,16318
151,2018-11-14,Renew,16318
151,2019-11-14,Renew,16318
151,2020-11-11,Downgrade,35385
151,2020-12-03,Downgrade,75448
151,2021-01-14,Renew,75448
151,2021-02-14,Expire,0
152,2013-03-14,Sign Up,0
153,2016-07-14,Sign Up,0
153,2017-06-16,Upgrade,35385
153,2017-07-02,Upgrade,16317
153,2017-08-16,Renew,16317
153,2017-09-16,Expire,0
154,2017-06-19,Sign Up,0
154,2018-03-19,Upgrade,35385
154,2018-04-19,Renew,35385
154,2018-05-19,Expire,0
155,2016-08-14,Sign Up,0
156,2016-12-24,Sign Up,0
156,2017-12-10,Upgrade,16317
156,2018-01-10,Renew,16317
156,2018-01-29,Upgrade,16318
156,2019-02-02,Downgrade,35386
156,2020-02-10,Renew,35386
156,2021-02-10,Expire,0
157,2018-02-08,Sign Up,0
157,2018-04-21,Upgrade,35385
157,2018-05-07,Downgrade,75448
157,2018-06-21,Renew,75448
157,2018-07-21,Renew,75448
157,2018-08-21,Renew,75448
157,2018-09-21,Renew,75448
157,2018-10-21,Renew,75448
157,2018-11-21,Renew,75448
157,2018-12-21,Renew,75448
157,2019-01-21,Expire,0
158,2016-09-16,Sign Up,0
159,2013-07-25,Sign Up,0
160,2014-07-07,Sign Up,0
160,2016-11-15,Upgrade,16317
160,2016-12-03,Downgrade,75448
160,2017-01-15,Renew,75448
160,2017-02-15,Expire,0
161,2014-06-27,Sign Up,0
161,2015-11-18,Upgrade,35386
161,2016-11-18,Renew,35386
161,2017-11-18,Renew,35386
161,2018-11-17,Downgrade,35385
161,2018-12-10,Downgrade,75449
161,2019-12-15,Upgrade,16317
161,2020-01-18,Downgrade,75448
161,2020-02-18,Renew,75448
161,2020-03-18,Expire,0
162,2013-11-05,Sign Up,0
162,2016-02-16,Upgrade,75448
162,2016-03-16,Renew,75448
162,2016-04-16,Renew,75448
162,2016-05-16,Renew,75448
162,2016-06-16,Renew,75448
162,2016-07-16,Expire,0
163,2018-04-10,Sign Up,0
164,2014-01-06,Sign Up,0
164,2018-02-23,Upgrade,35385
164,2018-03-23,Renew,35385
164,2018-04-10,Downgrade,75448
164,2018-05-23,Renew,75448
164,2018-06-23,Renew,75448
164,2018-07-23,Renew,75448
164,2018-08-23,Renew,75448
164,2018-09-23,Renew,75448
164,2018-10-23,Renew,75448
164,2018-11-23,Renew,75448
164,2018-12-23,Expire,0
165,2015-03-17,Sign Up,0
166,2015-03-25,Sign Up,0
167,2013-09-28,Sign Up,0
168,2016-03-06,Sign Up,0
169,2015-04-01,Sign Up,0
170,2017-09-25,Sign Up,0
171,2016-11-12,Sign Up,0
172,2018-01-09,Sign Up,0
173,2014-11-28,Sign Up,0
173,2016-06-10,Upgrade,35385
173,2016-06-30,Downgrade,75448
173,2016-08-10,Renew,75448
173,2016-09-10,Expire,0
174,2013-03-19,Sign Up,0
175,2013-05-11,Sign Up,0
176,2017-06-02,Sign Up,0
177,2015-04-13,Sign Up,0
177,2016-10-23,Upgrade,16318
177,2017-10-21,Downgrade,35385
177,2017-11-20,Downgrade,75448
177,2017-12-22,Upgrade,16318
177,2018-12-23,Renew,16318
177,2019-12-23,Expire,0
178,2015-11-16,Sign Up,0
179,2013-09-19,Sign Up,0
179,2016-06-05,Upgrade,35385
179,2016-07-05,Expire,0
180,2014-07-20,Sign Up,0
181,2015-04-07,Sign Up,0
182,2014-12-20,Sign Up,0
183,2013-05-15,Sign Up,0
184,2017-04-22,Sign Up,0
185,2014-04-17,Sign Up,0
186,2017-07-03,Sign Up,0
187,2016-08-17,Sign Up,0
188,2015-09-07,Sign Up,0
189,2016-12-02,Sign Up,0
189,2017-01-06,Upgrade,75448
189,2017-01-27,Upgrade,16318
189,2018-02-06,Renew,16318
189,2019-02-06,Renew,16318
189,2020-01-27,Downgrade,75448
189,2020-03-06,Renew,75448
189,2020-04-06,Renew,75448
189,2020-04-23,Upgrade,16318
189,2021-04-23,Expire,0
190,2014-12-07,Sign Up,0
191,2014-06-15,Sign Up,0
192,2015-11-07,Sign Up,0
192,2015-12-05,Upgrade,35386
192,2016-12-05,Renew,35386
192,2017-12-05,Renew,35386
192,2018-12-05,Renew,35386
192,2019-11-21,Upgrade,16317
192,2020-01-05,Renew,16317
192,2020-02-05,Renew,16317
192,2020-02-28,Downgrade,35385
192,2020-03-22,Upgrade,16318
192,2021-03-22,Expire,0
193,2013-07-06,Sign Up,0
194,2014-06-03,Sign Up,0
194,2017-12-12,Upgrade,75449
194,2018-12-12,Expire,0
195,2015-12-18,Sign Up,0
195,2018-01-20,Upgrade,35386
195,2019-01-20,Renew,35386
195,2020-01-20,Renew,35386
195,2021-01-20,Expire,0
196,2017-02-07,Sign Up,0
196,2017-07-28,Upgrade,16318
196,2018-07-28,Expire,0
197,2018-01-22,Sign Up,0
197,2018-01-28,Upgrade,16317
197,2018-02-16,Downgrade,75449
197,2019-02-21,Downgrade,75448
197,2019-03-22,Upgrade,16317
197,2019-04-28,Renew,16317
197,2019-05-28,Renew,16317
197,2019-06-28,Renew,16317
197,2019-07-28,Renew,16317
197,2019-08-28,Renew,16317
197,2019-09-28,Renew,16317
197,2019-10-19,Upgrade,16318
197,2020-10-28,Renew,16318
197,2021-10-28,Expire,0
198,2015-07-04,Sign Up,0
199,2017-03-12,Sign Up,0
200,2016-05-14,Sign Up,0
200,2017-12-17,Upgrade,75448
200,2018-01-17,Renew,75448
200,2018-02-17,Expire,0
201,2013-04-19,Sign Up,0
202,2017-08-04,Sign Up,0
202,2017-10-24,Upgrade,16317
202,2017-11-24,Upgrade,16318
202,2018-11-24,Renew,16318
202,2019-11-24,Renew,16318
202,2020-11-24,Renew,16318
202,2021-11-24,Expire,0
203,2016-03-18,Sign Up,0
203,2018-04-20,Upgrade,75448
203,2018-05-20,Renew,75448
203,2018-06-20,Renew,75448
203,2018-07-20,Expire,0
204,2016-01-16,Sign Up,0
204,2016-09-01,Upgrade,16318
204,2017-09-01,Renew,16318
204,2018-09-01,Renew,16318
204,2019-09-01,Renew,16318
204,2020-09-01,Expire,0
205,2017-09-21,Sign Up,0
206,2018-03-23,Sign Up,0
207,2016-06-07,Sign Up,0
208,2014-01-27,Sign Up,0
209,2013-06-27,Sign Up,0
210,2018-01-27,Sign Up,0
211,2017-08-20,Sign Up,0
211,2018-02-15,Upgrade,75448
211,2018-03-15,Expire,0
212,2014-11-25,Sign Up,0
212,2016-03-05,Upgrade,16318
212,2017-03-05,Renew,16318
212,2018-03-05,Renew,16318
212,2019-03-05,Renew,16318
212,2020-03-05,Renew,16318
212,2021-03-05,Expire,0
213,2018-05-16,Sign Up,0
214,2014-02-11,Sign Up,0
215,2017-12-26,Sign Up,0
215,2018-04-12,Upgrade,35385
215,2018-05-12,Expire,0
216,2017-03-01,Sign Up,0
217,2015-07-20,Sign Up,0
218,2016-04-22,Sign Up,0
219,2016-07-17,Sign Up,0
220,2017-11-28,Sign Up,0
221,2015-04-16,Sign Up,0
222,2015-11-15,Sign Up,0
222,2016-11-02,Upgrade,16318
222,2017-11-02,Expire,0
223,2015-08-21,Sign Up,0
224,2016-10-20,Sign Up,0
224,2017-02-17,Upgrade,75448
224,2017-03-11,Upgrade,35386
224,2018-03-17,Renew,35386
224,2019-03-08,Upgrade,16318
224,2020-03-17,Renew,16318
224,2021-03-17,Expire,0
225,2016-11-23,Sign Up,0
225,2016-12-03,Upgrade,75448
225,2017-01-03,Renew,75448
225,2017-02-03,Renew,75448
225,2017-03-03,Upgrade,16317
225,2017-04-03,Renew,16317
225,2017-05-03,Renew,16317
225,2017-05-26,Downgrade,35385
225,2017-07-02,Downgrade,75448
225,2017-07-31,Upgrade,35386
225,2018-07-24,Downgrade,75448
225,2018-09-03,Renew,75448
225,2018-10-03,Renew,75448
225,2018-11-03,Renew,75448
225,2018-12-03,Renew,75448
225,2019-01-03,Renew,75448
225,2019-02-03,Expire,0
226,2016-11-15,Sign Up,0
227,2016-04-17,Sign Up,0
228,2016-06-02,Sign Up,0
229,2014-08-14,Sign Up,0
229,2015-11-04,Upgrade,16317
229,2015-11-22,Upgrade,16318
229,2016-12-04,Renew,16318
229,2017-12-03,Downgrade,35386
229,2018-11-29,Downgrade,75448
229,2018-12-29,Expire,0
230,2016-11-17,Sign Up,0
231,2017-10-21,Sign Up,0
232,2014-12-22,Sign Up,0
233,2013-12-16,Sign Up,0
233,2014-04-10,Upgrade,75449
233,2015-04-08,Upgrade,16318
233,2016-04-10,Renew,16318
233,2017-04-10,Expire,0
234,2013-09-18,Sign Up,0
235,2013-09-19,Sign Up,0
235,2018-01-16,Upgrade,35385
235,2018-02-16,Renew,35385
235,2018-03-16,Renew,35385
235,2018-04-05,Downgrade,75449
235,2019-04-16,Renew,75449
235,2020-04-16,Renew,75449
235,2021-04-16,Expire,0
236,2013-09-12,Sign Up,0
237,2017-03-25,Sign Up,0
237,2017-04-23,Upgrade,75448
237,2017-05-23,Expire,0
238,2018-02-17,Sign Up,0
239,2013-12-06,Sign Up,0
240,2016-02-10,Sign Up,0
241,2014-03-21,Sign Up,0
242,2013-07-12,Sign Up,0
242,2015-10-25,Upgrade,75448
242,2015-11-25,Renew,75448
242,2015-12-25,Expire,0
243,2014-02-27,Sign Up,0
244,2016-11-03,Sign Up,0
244,2017-06-24,Upgrade,35386
244,2018-06-24,Expire,0
245,2013-05-14,Sign Up,0
245,2013-08-04,Upgrade,35385
245,2013-08-31,Upgrade,35386
245,2014-09-04,Renew,35386
245,2015-08-21,Upgrade,16318
245,2016-09-04,Renew,16318
245,2017-09-04,Renew,16318
245,2018-09-04,Renew,16318
245,2019-09-04,Renew,16318
245,2020-09-04,Expire,0
246,2018-04-06,Sign Up,0
247,2015-01-12,Sign Up,0
248,2018-04-19,Sign Up,0
249,2016-06-26,Sign Up,0
250,2014-11-21,Sign Up,0
251,2014-01-21,Sign Up,0
252,2014-11-25,Sign Up,0
253,2016-04-14,Sign Up,0
254,2015-11-12,Sign Up,0
254,2017-04-23,Upgrade,35386
254,2018-04-10,Upgrade,16318
254,2019-04-09,Downgrade,75449
254,2020-04-09,Expire,0
255,2015-11-24,Sign Up,0
255,2018-02-15,Upgrade,35385
255,2018-03-15,Expire,0
256,2013-03-27,Sign Up,0
257,2014-03-19,Sign Up,0
258,2014-08-01,Sign Up,0
258,2016-12-17,Upgrade,75448
258,2017-01-17,Upgrade,16317
258,2017-02-17,Renew,16317
258,2017-03-06,Upgrade,16318
258,2018-03-06,Expire,0
259,2014-07-27,Sign Up,0
260,2013-11-02,Sign Up,0
261,2013-03-14,Sign Up,0
262,2014-02-13,Sign Up,0
263,2014-01-19,Sign Up,0
263,2015-10-02,Upgrade,35386
263,2016-10-02,Expire,0
264,2016-12-10,Sign Up,0
264,2017-03-03,Upgrade,75448
264,2017-04-03,Expire,0
265,2014-07-17,Sign Up,0
265,2015-03-16,Upgrade,16318
265,2016-03-16,Renew,16318
265,2017-03-16,Renew,16318
265,2018-03-16,Expire,0
266,2014-10-06,Sign Up,0
266,2017-06-23,Upgrade,75449
266,2018-06-23,Expire,0
267,2015-07-03,Sign Up,0
267,2018-02-20,Upgrade,35385
267,2018-03-13,Downgrade,75448
267,2018-04-19,Upgrade,16317
267,2018-05-20,Renew,16317
267,2018-06-18,Upgrade,16318
267,2019-06-09,Downgrade,75448
267,2019-07-09,Expire,0
268,2015-07-08,Sign Up,0
269,2016-09-26,Sign Up,0
270,2016-08-27,Sign Up,0
271,2013-09-01,Sign Up,0
272,2016-01-22,Sign Up,0
273,2017-12-25,Sign Up,0
273,2018-05-27,Upgrade,16318
273,2019-05-27,Renew,16318
273,2020-05-22,Downgrade,75449
273,2021-05-22,Expire,0
274,2013-05-26,Sign Up,0
274,2015-04-04,Upgrade,75449
274,2016-04-01,Downgrade,75448
274,2016-05-01,Expire,0
275,2018-01-25,Sign Up,0
276,2017-01-05,Sign Up,0
277,2015-08-10,Sign Up,0
277,2016-03-07,Upgrade,35385
277,2016-04-07,Expire,0
278,2015-09-21,Sign Up,0
278,2017-11-06,Upgrade,35386
278,2018-11-06,Expire,0
279,2013-03-21,Sign Up,0
279,2017-03-25,Upgrade,35385
279,2017-04-25,Upgrade,35386
279,2018-04-25,Expire,0
280,2014-05-11,Sign Up,0
280,2016-04-02,Upgrade,35385
280,2016-05-02,Renew,35385
280,2016-06-02,Downgrade,75448
280,2016-07-02,Upgrade,35385
280,2016-08-02,Renew,35385
280,2016-08-24,Upgrade,16317
280,2016-09-24,Expire,0
281,2016-11-18,Sign Up,0
281,2017-05-13,Upgrade,35386
281,2018-05-12,Downgrade,75449
281,2019-05-13,Renew,75449
281,2020-05-12,Upgrade,35385
281,2020-06-13,Renew,35385
281,2020-07-05,Upgrade,16317
281,2020-08-13,Renew,16317
281,2020-09-13,Expire,0
282,2016-04-16,Sign Up,0
282,2018-03-08,Upgrade,35386
282,2019-03-08,Renew,35386
282,2020-03-08,Renew,35386
282,2021-03-08,Expire,0
283,2016-07-28,Sign Up,0
284,2018-04-04,Sign Up,0
285,2017-11-17,Sign Up,0
286,2017-01-10,Sign Up,0
287,2013-01-19,Sign Up,0
288,2017-07-24,Sign Up,0
289,2015-10-11,Sign Up,0
289,2017-09-15,Upgrade,16317
289,2017-10-15,Downgrade,35385
289,2017-11-15,Renew,35385
289,2017-12-14,Downgrade,75448
289,2018-01-14,Expire,0
290,2013-10-18,Sign Up,0
291,2014-09-16,Sign Up,0
292,2016-09-01,Sign Up,0
293,2014-01-02,Sign Up,0
294,2015-07-04,Sign Up,0
294,2015-08-16,Upgrade,16317
294,2015-09-16,Renew,16317
294,2015-10-11,Downgrade,35386
294,2016-10-16,Renew,35386
294,2017-10-16,Renew,35386
294,2018-10-16,Renew,35386
294,2019-10-16,Upgrade,16317
294,2019-11-16,Renew,16317
294,2019-12-11,Upgrade,16318
294,2020-12-11,Expire,0
295,2016-03-03,Sign Up,0
295,2016-05-18,Upgrade,75448
295,2016-06-18,Expire,0
296,2017-04-13,Sign Up,0
297,2015-08-18,Sign Up,0
298,2013-02-10,Sign Up,0
298,2013-03-16,Upgrade,16318
298,2014-03-16,Expire,0
299,2014-01-25,Sign Up,0
300,2014-09-18,Sign Up,0
300,2016-02-01,Upgrade,16317
300,2016-03-01,Renew,16317
300,2016-04-01,Renew,16317
300,2016-04-29,Downgrade,35386
300,2017-04-29,Expire,0
301,2016-01-12,Sign Up,0
302,2013-10-23,Sign Up,0
303,2017-01-08,Sign Up,0
304,2014-03-10,Sign Up,0
304,2015-07-28,Upgrade,75448
304,2015-08-16,Upgrade,75449
304,2016-08-25,Downgrade,75448
304,2016-09-28,Upgrade,35385
304,2016-10-26,Downgrade,75449
304,2017-10-25,Downgrade,75448
304,2017-11-28,Renew,75448
304,2017-12-28,Renew,75448
304,2018-01-28,Expire,0
305,2016-10-09,Sign Up,0
305,2016-10-10,Upgrade,16318
305,2017-10-10,Expire,0
306,2013-10-22,Sign Up,0
307,2017-05-04,Sign Up,0
308,2017-01-19,Sign Up,0
309,2015-01-04,Sign Up,0
309,2017-02-19,Upgrade,16318
309,2018-02-19,Renew,16318
309,2019-02-19,Renew,16318
309,2020-02-19,Expire,0
310,2016-05-15,Sign Up,0
311,2013-07-03,Sign Up,0
312,2013-02-20,Sign Up,0
313,2015-12-05,Sign Up,0
314,2013-02-06,Sign Up,0
315,2017-12-23,Sign Up,0
315,2018-03-23,Upgrade,16318
315,2019-03-23,Renew,16318
315,2020-03-23,Renew,16318
315,2021-03-23,Expire,0
316,2016-03-21,Sign Up,0
317,2018-01-01,Sign Up,0
318,2013-01-08,Sign Up,0
318,2013-09-20,Upgrade,16317
318,2013-10-20,Expire,0
319,2017-02-18,Sign Up,0
319,2018-01-12,Upgrade,35385
319,2018-02-12,Renew,35385
319,2018-03-12,Renew,35385
319,2018-04-07,Upgrade,16317
319,2018-05-12,Renew,16317
319,2018-06-12,Renew,16317
319,2018-07-12,Renew,16317
319,2018-08-12,Renew,16317
319,2018-09-12,Expire,0
320,2017-10-22,Sign Up,0
321,2017-07-24,Sign Up,0
322,2014-06-08,Sign Up,0
323,2017-05-27,Sign Up,0
323,2018-04-21,Upgrade,75449
323,2019-04-21,Expire,0
324,2018-01-23,Sign Up,0
325,2013-05-02,Sign Up,0
325,2017-01-13,Upgrade,35386
325,2018-01-08,Downgrade,75449
325,2019-01-13,Renew,75449
325,2020-01-13,Renew,75449
325,2021-01-13,Expire,0
326,2015-03-12,Sign Up,0
326,2017-12-23,Upgrade,35385
326,2018-01-23,Expire,0
327,2013-02-06,Sign Up,0
328,2017-01-16,Sign Up,0
329,2018-03-18,Sign Up,0
330,2013-03-25,Sign Up,0
331,2014-03-28,Sign Up,0
331,2017-04-04,Upgrade,35386
331,2018-03-28,Upgrade,16318
331,2019-04-04,Renew,16318
331,2020-04-04,Renew,16318
331,2021-04-02,Downgrade,35385
331,2021-05-02,Expire,0
332,2015-04-28,Sign Up,0
332,2015-11-25,Upgrade,16318
332,2016-11-25,Renew,16318
332,2017-11-25,Expire,0
333,2013-09-20,Sign Up,0
334,2016-02-18,Sign Up,0
335,2016-02-17,Sign Up,0
336,2013-07-10,Sign Up,0
337,2017-06-09,Sign Up,0
338,2013-07-05,Sign Up,0
338,2013-09-11,Upgrade,16317
338,2013-10-01,Downgrade,75449
338,2014-10-01,Expire,0
339,2017-02-22,Sign Up,0
340,2016-07-21,Sign Up,0
340,2016-09-26,Upgrade,16318
340,2017-09-26,Renew,16318
340,2018-09-26,Expire,0
341,2013-07-18,Sign Up,0
342,2015-06-15,Sign Up,0
342,2015-10-05,Upgrade,75449
342,2016-10-02,Upgrade,35385
342,2016-11-02,Expire,0
343,2014-02-24,Sign Up,0
344,2017-07-27,Sign Up,0
344,2017-11-22,Upgrade,35385
344,2017-12-22,Expire,0
345,2014-12-08,Sign Up,0
345,2016-04-14,Upgrade,35386
345,2017-04-14,Renew,35386
345,2018-04-14,Renew,35386
345,2019-04-14,Expire,0
346,2017-04-25,Sign Up,0
346,2018-01-26,Upgrade,75448
346,2018-02-26,Expire,0
347,2014-03-03,Sign Up,0
348,2013-01-21,Sign Up,0
348,2013-04-04,Upgrade,75448
348,2013-05-04,Expire,0
349,2015-12-20,Sign Up,0
350,2014-03-08,Sign Up,0
350,2017-12-10,Upgrade,35386
350,2018-12-02,Upgrade,16318
350,2019-12-02,Expire,0
351,2015-10-13,Sign Up,0
352,2017-07-12,Sign Up,0
353,2016-01-21,Sign Up,0
353,2018-01-03,Upgrade,75448
353,2018-01-31,Upgrade,16317
353,2018-03-03,Renew,16317
353,2018-03-26,Upgrade,16318
353,2019-03-27,Downgrade,75448
353,2019-04-27,Expire,0
354,2016-04-08,Sign Up,0
355,2017-08-09,Sign Up,0
355,2017-09-18,Upgrade,75449
355,2018-09-18,Renew,75449
355,2019-09-18,Renew,75449
355,2020-09-14,Upgrade,35386
355,2021-09-17,Downgrade,75448
355,2021-10-17,Expire,0
356,2018-02-13,Sign Up,0
356,2018-05-20,Upgrade,16317
356,2018-06-19,Upgrade,16318
356,2019-06-19,Expire,0
357,2016-02-04,Sign Up,0
358,2017-06-05,Sign Up,0
359,2013-08-11,Sign Up,0
359,2017-07-07,Upgrade,75448
359,2017-08-07,Renew,75448
359,2017-09-07,Expire,0
360,2016-10-27,Sign Up,0
361,2014-10-16,Sign Up,0
362,2016-02-19,Sign Up,0
363,2014-07-07,Sign Up,0
364,2015-08-05,Sign Up,0
365,2014-03-02,Sign Up,0
365,2017-09-04,Upgrade,75448
365,2017-10-04,Expire,0
366,2016-09-23,Sign Up,0
367,2016-08-07,Sign Up,0
368,2017-11-11,Sign Up,0
369,2015-11-13,Sign Up,0
370,2017-05-01,Sign Up,0
370,2017-08-27,Upgrade,16318
370,2018-08-27,Expire,0
371,2017-11-27,Sign Up,0
372,2016-03-18,Sign Up,0
372,2017-04-13,Upgrade,35386
372,2018-04-13,Renew,35386
372,2019-04-05,Upgrade,16318
372,2020-04-13,Renew,16318
372,2021-04-13,Expire,0
373,2016-12-01,Sign Up,0
373,2017-06-04,Upgrade,75449
373,2018-06-04,Renew,75449
373,2019-06-04,Expire,0
374,2016-08-14,Sign Up,0
374,2018-01-06,Upgrade,35385
374,2018-02-06,Expire,0
375,2016-10-03,Sign Up,0
376,2014-01-12,Sign Up,0
377,2015-05-22,Sign Up,0
378,2014-07-10,Sign Up,0
379,2015-03-16,Sign Up,0
380,2013-03-11,Sign Up,0
380,2014-09-10,Upgrade,35386
380,2015-09-10,Renew,35386
380,2016-09-10,Expire,0
381,2016-11-11,Sign Up,0
382,2014-07-02,Sign Up,0
383,2016-02-02,Sign Up,0
383,2018-02-20,Upgrade,16317
383,2018-03-20,Renew,16317
383,2018-04-20,Renew,16317
383,2018-05-20,Expire,0
384,2013-03-23,Sign Up,0
385,2015-11-11,Sign Up,0
386,2013-05-02,Sign Up,0
386,2016-02-26,Upgrade,16318
386,2017-02-26,Renew,16318
386,2018-02-20,Downgrade,35385
386,2018-03-26,Renew,35385
386,2018-04-26,Renew,35385
386,2018-05-26,Renew,35385
386,2018-06-26,Renew,35385
386,2018-07-26,Renew,35385
386,2018-08-26,Renew,35385
386,2018-09-26,Expire,0
387,2017-06-06,Sign Up,0
388,2015-03-19,Sign Up,0
389,2017-05-05,Sign Up,0
390,2014-06-04,Sign Up,0
391,2017-02-08,Sign Up,0
391,2017-04-02,Upgrade,75448
391,2017-05-02,Expire,0
392,2015-05-20,Sign Up,0
392,2017-04-18,Upgrade,35385
392,2017-05-18,Renew,35385
392,2017-06-18,Renew,35385
392,2017-07-18,Renew,35385
392,2017-08-18,Renew,35385
392,2017-09-18,Renew,35385
392,2017-10-06,Downgrade,75449
392,2018-10-08,Downgrade,75448
392,2018-11-18,Renew,75448
392,2018-12-18,Expire,0
393,2016-01-13,Sign Up,0
394,2014-03-09,Sign Up,0
395,2016-06-14,Sign Up,0
396,2013-05-25,Sign Up,0
397,2015-10-20,Sign Up,0
398,2018-04-10,Sign Up,0
399,2016-07-19,Sign Up,0
400,2013-03-13,Sign Up,0
401,2016-07-26,Sign Up,0
402,2017-08-21,Sign Up,0
403,2014-07-10,Sign Up,0
404,2015-10-15,Sign Up,0
405,2018-04-13,Sign Up,0
406,2016-08-28,Sign Up,0
407,2017-01-19,Sign Up,0
407,2017-11-06,Upgrade,35386
407,2018-11-06,Renew,35386
407,2019-11-06,Renew,35386
407,2020-11-06,Renew,35386
407,2021-11-06,Expire,0
408,2015-12-14,Sign Up,0
409,2017-07-20,Sign Up,0
410,2018-01-05,Sign Up,0
411,2013-08-25,Sign Up,0
411,2014-03-03,Upgrade,35385
411,2014-04-03,Renew,35385
411,2014-05-03,Renew,35385
411,2014-06-03,Renew,35385
411,2014-07-03,Renew,35385
411,2014-08-03,Renew,35385
411,2014-09-03,Expire,0
412,2014-10-05,Sign Up,0
412,2017-01-27,Upgrade,75448
412,2017-02-27,Renew,75448
412,2017-03-27,Renew,75448
412,2017-04-27,Expire,0
413,2016-12-07,Sign Up,0
414,2015-03-20,Sign Up,0
414,2016-08-19,Upgrade,75448
414,2016-09-19,Renew,75448
414,2016-10-19,Expire,0
415,2014-03-21,Sign Up,0
416,2015-11-26,Sign Up,0
417,2015-09-02,Sign Up,0
418,2013-01-24,Sign Up,0
418,2015-10-24,Upgrade,75449
418,2016-10-24,Renew,75449
418,2017-10-24,Renew,75449
418,2018-10-24,Renew,75449
418,2019-10-24,Renew,75449
418,2020-10-24,Renew,75449
418,2021-10-24,Expire,0
419,2018-02-28,Sign Up,0
419,2018-05-26,Upgrade,35385
419,2018-06-26,Renew,35385
419,2018-07-26,Expire,0
420,2013-09-28,Sign Up,0
421,2016-05-24,Sign Up,0
421,2017-02-14,Upgrade,75449
421,2018-02-11,Downgrade,75448
421,2018-03-12,Upgrade,35385
421,2018-04-08,Upgrade,35386
421,2019-04-10,Upgrade,16317
421,2019-05-14,Renew,16317
421,2019-06-14,Renew,16317
421,2019-07-02,Upgrade,16318
421,2020-07-02,Expire,0
422,2013-08-25,Sign Up,0
423,2014-07-16,Sign Up,0
423,2015-06-13,Upgrade,75449
423,2016-06-13,Renew,75449
423,2017-06-13,Renew,75449
423,2018-06-13,Renew,75449
423,2019-06-13,Renew,75449
423,2020-05-30,Downgrade,75448
423,2020-06-30,Expire,0
424,2016-12-22,Sign Up,0
425,2017-05-18,Sign Up,0
426,2014-09-24,Sign Up,0
426,2016-09-19,Upgrade,75449
426,2017-09-06,Downgrade,75448
426,2017-10-19,Renew,75448
426,2017-11-19,Renew,75448
426,2017-12-19,Renew,75448
426,2018-01-19,Expire,0
427,2014-03-02,Sign Up,0
427,2017-11-10,Upgrade,75449
427,2018-11-09,Downgrade,75448
427,2018-12-09,Expire,0
428,2017-07-04,Sign Up,0
429,2014-07-27,Sign Up,0
429,2016-05-25,Upgrade,35386
429,2017-05-25,Renew,35386
429,2018-05-20,Upgrade,16318
429,2019-05-20,Downgrade,35385
429,2019-06-25,Renew,35385
429,2019-07-25,Renew,35385
429,2019-08-25,Renew,35385
429,2019-09-25,Renew,35385
429,2019-10-16,Upgrade,16318
429,2020-10-16,Expire,0
430,2016-06-18,Sign Up,0
431,2014-01-18,Sign Up,0
432,2016-05-09,Sign Up,0
432,2017-01-09,Upgrade,75448
432,2017-02-09,Expire,0
433,2017-12-15,Sign Up,0
434,2013-09-22,Sign Up,0
435,2014-04-10,Sign Up,0
435,2014-10-14,Upgrade,35385
435,2014-11-14,Renew,35385
435,2014-12-14,Renew,35385
435,2015-01-14,Renew,35385
435,2015-02-14,Renew,35385
435,2015-03-14,Renew,35385
435,2015-04-11,Downgrade,75449
435,2016-04-14,Renew,75449
435,2017-04-11,Downgrade,75448
435,2017-05-03,Upgrade,75449
435,2018-05-14,Renew,75449
435,2019-05-14,Renew,75449
435,2020-05-14,Renew,75449
435,2021-05-14,Expire,0
436,2014-04-25,Sign Up,0
437,2017-08-02,Sign Up,0
438,2014-04-08,Sign Up,0
439,2016-11-01,Sign Up,0
440,2015-09-06,Sign Up,0
441,2013-07-07,Sign Up,0
441,2018-04-09,Upgrade,16317
441,2018-05-09,Expire,0
442,2015-08-11,Sign Up,0
443,2014-05-27,Sign Up,0
444,2015-11-11,Sign Up,0
444,2016-08-23,Upgrade,35385
444,2016-09-23,Renew,35385
444,2016-10-23,Renew,35385
444,2016-11-09,Downgrade,75448
444,2016-12-11,Upgrade,75449
444,2017-12-11,Expire,0
445,2014-05-21,Sign Up,0
446,2013-05-13,Sign Up,0
447,2018-02-23,Sign Up,0
448,2016-08-13,Sign Up,0
449,2014-02-06,Sign Up,0
450,2017-04-26,Sign Up,0
451,2017-11-06,Sign Up,0
452,2015-06-20,Sign Up,0
452,2015-11-21,Upgrade,75448
452,2015-12-21,Expire,0
453,2014-02-04,Sign Up,0
454,2014-04-12,Sign Up,0
454,2018-02-02,Upgrade,35386
454,2019-02-02,Expire,0
455,2014-06-09,Sign Up,0
456,2016-05-13,Sign Up,0
457,2014-01-03,Sign Up,0
457,2014-11-26,Upgrade,75448
457,2014-12-26,Renew,75448
457,2015-01-26,Renew,75448
457,2015-02-26,Renew,75448
457,2015-03-26,Renew,75448
457,2015-04-21,Upgrade,16317
457,2015-05-26,Renew,16317
457,2015-06-17,Downgrade,75449
457,2016-06-26,Renew,75449
457,2017-06-26,Renew,75449
457,2018-06-15,Upgrade,35385
457,2018-07-26,Renew,35385
457,2018-08-14,Upgrade,16317
457,2018-09-14,Downgrade,35385
457,2018-10-26,Renew,35385
457,2018-11-26,Expire,0
458,2015-07-24,Sign Up,0
459,2015-10-11,Sign Up,0
460,2013-11-17,Sign Up,0
461,2014-10-13,Sign Up,0
462,2015-05-23,Sign Up,0
462,2017-11-03,Upgrade,16317
462,2017-12-03,Expire,0
463,2016-01-16,Sign Up,0
464,2013-10-03,Sign Up,0
464,2013-11-10,Upgrade,35386
464,2014-10-28,Upgrade,16318
464,2015-10-28,Expire,0
465,2013-09-04,Sign Up,0
466,2015-11-10,Sign Up,0
466,2016-09-15,Upgrade,35385
466,2016-10-02,Downgrade,75448
466,2016-11-15,Renew,75448
466,2016-12-15,Expire,0
467,2013-04-15,Sign Up,0
468,2017-08-17,Sign Up,0
469,2013-02-02,Sign Up,0
469,2015-12-14,Upgrade,35386
469,2016-12-14,Renew,35386
469,2017-12-10,Upgrade,16317
469,2018-01-10,Expire,0
470,2014-11-24,Sign Up,0
471,2015-07-27,Sign Up,0
472,2014-09-02,Sign Up,0
473,2013-12-05,Sign Up,0
473,2018-04-24,Upgrade,35386
473,2019-04-24,Expire,0
474,2015-02-25,Sign Up,0
475,2016-09-01,Sign Up,0
476,2015-01-02,Sign Up,0
476,2015-11-16,Upgrade,35385
476,2015-12-16,Renew,35385
476,2016-01-16,Renew,35385
476,2016-02-16,Renew,35385
476,2016-03-05,Downgrade,75449
476,2017-03-14,Upgrade,35386
476,2018-03-16,Renew,35386
476,2019-03-16,Renew,35386
476,2020-03-16,Renew,35386
476,2021-03-16,Expire,0
477,2013-04-13,Sign Up,0
478,2014-10-21,Sign Up,0
478,2016-07-14,Upgrade,75448
478,2016-08-14,Expire,0
479,2016-04-06,Sign Up,0
480,2016-09-02,Sign Up,0
481,2017-08-13,Sign Up,0
482,2016-04-23,Sign Up,0
483,2015-11-13,Sign Up,0
484,2016-02-09,Sign Up,0
484,2018-02-01,Upgrade,75449
484,2019-02-01,Renew,75449
484,2020-02-01,Renew,75449
484,2021-01-19,Downgrade,75448
484,2021-02-22,Upgrade,35385
484,2021-04-01,Renew,35385
484,2021-05-01,Expire,0
485,2015-05-04,Sign Up,0
486,2018-03-08,Sign Up,0
487,2013-07-27,Sign Up,0
488,2018-05-10,Sign Up,0
489,2013-11-25,Sign Up,0
490,2014-11-27,Sign Up,0
490,2016-04-10,Upgrade,16318
490,2017-03-29,Downgrade,35386
490,2018-04-10,Renew,35386
490,2019-04-10,Renew,35386
490,2020-03-30,Downgrade,75448
490,2020-05-06,Upgrade,35386
490,2021-04-29,Downgrade,35385
490,2021-05-29,Expire,0
491,2015-06-21,Sign Up,0
492,2013-05-11,Sign Up,0
493,2018-01-06,Sign Up,0
494,2018-05-19,Sign Up,0
494,2018-05-21,Upgrade,75448
494,2018-06-21,Expire,0
495,2018-02-05,Sign Up,0
495,2018-02-13,Upgrade,75449
495,2019-02-13,Expire,0
496,2017-06-10,Sign Up,0
496,2018-02-01,Upgrade,16317
496,2018-03-01,Renew,16317
496,2018-04-01,Expire,0
497,2017-05-21,Sign Up,0
498,2013-02-01,Sign Up,0
498,2018-01-02,Upgrade,16317
498,2018-02-02,Expire,0
499,2013-07-03,Sign Up,0
499,2014-01-11,Upgrade,75448
499,2014-02-11,Renew,75448
499,2014-03-11,Renew,75448
499,2014-04-11,Expire,0
500,2016-03-12,Sign Up,0
500,2017-02-12,Upgrade,35386
500,2018-02-06,Downgrade,75449
500,2019-02-12,Renew,75449
500,2020-02-12,Expire,0
501,2016-09-03,Sign Up,0
501,2017-10-08,Upgrade,35385
501,2017-11-05,Downgrade,75449
501,2018-10-25,Downgrade,75448
501,2018-12-08,Renew,75448
501,2019-01-08,Expire,0
502,2014-08-09,Sign Up,0
503,2013-02-21,Sign Up,0
504,2016-10-18,Sign Up,0
504,2018-04-03,Upgrade,35385
504,2018-05-03,Renew,35385
504,2018-06-01,Upgrade,16318
504,2019-06-03,Renew,16318
504,2020-06-03,Renew,16318
504,2021-06-03,Expire,0
505,2013-11-08,Sign Up,0
506,2015-03-06,Sign Up,0
507,2016-04-02,Sign Up,0
507,2016-07-20,Upgrade,75448
507,2016-08-20,Renew,75448
507,2016-09-20,Renew,75448
507,2016-10-20,Renew,75448
507,2016-11-20,Renew,75448
507,2016-12-20,Renew,75448
507,2017-01-20,Renew,75448
507,2017-02-20,Renew,75448
507,2017-03-20,Renew,75448
507,2017-04-20,Expire,0
508,2013-09-25,Sign Up,0
509,2017-09-16,Sign Up,0
510,2014-12-24,Sign Up,0
511,2013-03-23,Sign Up,0
511,2015-07-11,Upgrade,75449
511,2016-07-11,Renew,75449
511,2017-06-29,Downgrade,75448
511,2017-08-11,Renew,75448
511,2017-08-31,Upgrade,75449
511,2018-09-11,Renew,75449
511,2019-09-11,Renew,75449
511,2020-09-11,Renew,75449
511,2021-09-11,Expire,0
512,2013-10-25,Sign Up,0
513,2017-09-24,Sign Up,0
514,2014-05-03,Sign Up,0
514,2015-12-07,Upgrade,16317
514,2016-01-01,Upgrade,16318
514,2017-01-01,Expire,0
515,2014-10-06,Sign Up,0
515,2016-01-25,Upgrade,75448
515,2016-02-25,Renew,75448
515,2016-03-25,Expire,0
516,2013-10-22,Sign Up,0
516,2014-08-23,Upgrade,75448
516,2014-09-23,Renew,75448
516,2014-10-23,Renew,75448
516,2014-11-23,Renew,75448
516,2014-12-23,Renew,75448
516,2015-01-14,Upgrade,35386
516,2016-01-23,Renew,35386
516,2017-01-20,Upgrade,16317
516,2017-02-23,Renew,16317
516,2017-03-23,Expire,0
517,2017-11-24,Sign Up,0
517,2018-01-12,Upgrade,16318
517,2018-12-30,Downgrade,75449
517,2019-12-30,Expire,0
518,2017-12-27,Sign Up,0
519,2016-01-25,Sign Up,0
520,2018-04-21,Sign Up,0
521,2015-10-13,Sign Up,0
522,2015-01-10,Sign Up,0
523,2015-05-08,Sign Up,0
524,2017-04-04,Sign Up,0
525,2013-05-15,Sign Up,0
526,2016-07-21,Sign Up,0
527,2013-08-23,Sign Up,0
528,2016-06-17,Sign Up,0
529,2015-04-28,Sign Up,0
529,2016-04-07,Upgrade,35385
529,2016-05-07,Expire,0
530,2015-03-09,Sign Up,0
531,2017-10-20,Sign Up,0
532,2015-03-15,Sign Up,0
533,2017-07-02,Sign Up,0
533,2018-03-06,Upgrade,75448
533,2018-03-28,Upgrade,75449
533,2019-03-28,Expire,0
534,2015-07-01,Sign Up,0
534,2017-01-13,Upgrade,35385
534,2017-02-13,Renew,35385
534,2017-03-13,Renew,35385
534,2017-04-11,Upgrade,16317
534,2017-05-13,Renew,16317
534,2017-06-13,Renew,16317
534,2017-07-13,Expire,0
535,2016-03-15,Sign Up,0
535,2017-08-04,Upgrade,16318
535,2018-08-04,Renew,16318
535,2019-08-04,Renew,16318
535,2020-07-30,Downgrade,75448
535,2020-09-04,Renew,75448
535,2020-10-04,Renew,75448
535,2020-11-02,Upgrade,35385
535,2020-12-04,Renew,35385
535,2021-01-04,Renew,35385
535,2021-02-04,Renew,35385
535,2021-03-03,Downgrade,75448
535,2021-04-03,Expire,0
536,2013-10-24,Sign Up,0
537,2017-06-26,Sign Up,0
537,2018-05-18,Upgrade,16317
537,2018-06-18,Renew,16317
537,2018-07-17,Upgrade,16318
537,2019-07-17,Downgrade,75449
537,2020-07-17,Expire,0
538,2016-10-04,Sign Up,0
539,2018-01-10,Sign Up,0
540,2016-11-05,Sign Up,0
541,2014-03-06,Sign Up,0
542,2014-06-09,Sign Up,0
543,2014-02-28,Sign Up,0
544,2014-10-27,Sign Up,0
545,2016-12-10,Sign Up,0
546,2016-04-18,Sign Up,0
546,2016-11-28,Upgrade,16317
546,2016-12-28,Renew,16317
546,2017-01-28,Renew,16317
546,2017-02-28,Renew,16317
546,2017-03-17,Downgrade,35385
546,2017-04-22,Upgrade,16317
546,2017-05-28,Renew,16317
546,2017-06-23,Upgrade,16318
546,2018-06-28,Renew,16318
546,2019-06-28,Expire,0
547,2016-02-14,Sign Up,0
548,2013-06-15,Sign Up,0
549,2018-04-11,Sign Up,0
550,2013-11-13,Sign Up,0
550,2015-03-03,Upgrade,35385
550,2015-04-03,Expire,0
551,2014-04-16,Sign Up,0
552,2016-07-10,Sign Up,0
553,2018-04-08,Sign Up,0
553,2018-05-13,Upgrade,35385
553,2018-06-13,Renew,35385
553,2018-07-08,Downgrade,75448
553,2018-08-13,Upgrade,16317
553,2018-09-13,Renew,16317
553,2018-10-13,Renew,16317
553,2018-11-13,Renew,16317
553,2018-12-13,Renew,16317
553,2019-01-13,Renew,16317
553,2019-02-13,Renew,16317
553,2019-03-13,Expire,0
554,2016-01-14,Sign Up,0
555,2013-10-22,Sign Up,0
556,2015-06-02,Sign Up,0
557,2017-08-25,Sign Up,0
557,2017-10-21,Upgrade,16317
557,2017-11-21,Renew,16317
557,2017-12-21,Renew,16317
557,2018-01-21,Renew,16317
557,2018-02-21,Renew,16317
557,2018-03-21,Expire,0
558,2016-07-07,Sign Up,0
558,2017-05-09,Upgrade,75449
558,2018-05-09,Renew,75449
558,2019-05-09,Expire,0
559,2014-03-06,Sign Up,0
560,2014-04-23,Sign Up,0
561,2014-09-02,Sign Up,0
561,2018-04-03,Upgrade,16317
561,2018-05-03,Renew,16317
561,2018-06-03,Renew,16317
561,2018-07-03,Expire,0
562,2014-03-04,Sign Up,0
562,2018-01-25,Upgrade,16317
562,2018-02-23,Downgrade,35386
562,2019-02-23,Expire,0
563,2017-01-02,Sign Up,0
564,2014-02-18,Sign Up,0
565,2014-02-14,Sign Up,0
566,2018-04-24,Sign Up,0
566,2018-05-20,Upgrade,75448
566,2018-06-20,Renew,75448
566,2018-07-20,Expire,0
567,2013-09-10,Sign Up,0
568,2014-12-23,Sign Up,0
569,2016-10-01,Sign Up,0
569,2017-05-16,Upgrade,75448
569,2017-06-16,Renew,75448
569,2017-07-16,Renew,75448
569,2017-08-16,Expire,0
570,2017-08-28,Sign Up,0
571,2014-07-19,Sign Up,0
572,2014-11-04,Sign Up,0
573,2015-12-06,Sign Up,0
574,2014-01-18,Sign Up,0
575,2013-10-18,Sign Up,0
575,2016-03-20,Upgrade,16318
575,2017-03-20,Expire,0
576,2014-02-25,Sign Up,0
577,2014-09-09,Sign Up,0
578,2014-09-13,Sign Up,0
579,2015-07-15,Sign Up,0
580,2014-09-20,Sign Up,0
581,2013-06-21,Sign Up,0
582,2014-09-06,Sign Up,0
582,2016-09-17,Upgrade,75448
582,2016-10-17,Expire,0
583,2015-10-10,Sign Up,0
584,2016-11-21,Sign Up,0
585,2017-07-06,Sign Up,0
586,2017-07-24,Sign Up,0
586,2017-07-26,Upgrade,16317
586,2017-08-26,Renew,16317
586,2017-09-26,Renew,16317
586,2017-10-26,Renew,16317
586,2017-11-26,Renew,16317
586,2017-12-26,Renew,16317
586,2018-01-26,Renew,16317
586,2018-02-26,Renew,16317
586,2018-03-26,Renew,16317
586,2018-04-26,Expire,0
587,2015-05-06,Sign Up,0
588,2016-05-22,Sign Up,0
589,2017-02-19,Sign Up,0
589,2018-04-04,Upgrade,16318
589,2019-04-04,Renew,16318
589,2020-04-04,Renew,16318
589,2021-04-04,Expire,0
590,2018-05-25,Sign Up,0
591,2014-01-12,Sign Up,0
591,2014-01-17,Upgrade,35386
591,2015-01-17,Renew,35386
591,2016-01-06,Downgrade,75449
591,2017-01-12,Upgrade,35385
591,2017-02-12,Expire,0
592,2017-12-11,Sign Up,0
593,2015-11-11,Sign Up,0
594,2015-06-20,Sign Up,0
595,2017-06-25,Sign Up,0
596,2014-05-20,Sign Up,0
597,2016-03-02,Sign Up,0
598,2016-03-02,Sign Up,0
599,2017-05-07,Sign Up,0
599,2017-09-12,Upgrade,16317
599,2017-10-12,Renew,16317
599,2017-11-12,Renew,16317
599,2017-12-05,Upgrade,16318
599,2018-12-05,Expire,0
600,2014-06-17,Sign Up,0
601,2016-06-07,Sign Up,0
601,2018-01-12,Upgrade,75449
601,2019-01-12,Renew,75449
601,2020-01-12,Renew,75449
601,2021-01-12,Expire,0
602,2016-04-13,Sign Up,0
603,2016-05-13,Sign Up,0
603,2017-12-02,Upgrade,35386
603,2018-12-02,Renew,35386
603,2019-12-02,Renew,35386
603,2020-11-27,Downgrade,75449
603,2021-11-27,Expire,0
604,2014-08-04,Sign Up,0
604,2014-11-27,Upgrade,16318
604,2015-11-27,Renew,16318
604,2016-11-27,Renew,16318
604,2017-11-27,Renew,16318
604,2018-11-27,Renew,16318
604,2019-11-27,Expire,0
605,2017-06-14,Sign Up,0
606,2018-04-15,Sign Up,0
606,2018-05-16,Upgrade,75449
606,2019-05-16,Renew,75449
606,2020-05-16,Renew,75449
606,2021-05-16,Expire,0
607,2015-08-07,Sign Up,0
608,2017-03-06,Sign Up,0
609,2016-02-20,Sign Up,0
610,2013-04-22,Sign Up,0
610,2017-09-13,Upgrade,75448
610,2017-10-13,Renew,75448
610,2017-11-13,Renew,75448
610,2017-11-30,Upgrade,35385
610,2018-01-13,Renew,35385
610,2018-02-13,Renew,35385
610,2018-02-27,Upgrade,35386
610,2019-02-27,Expire,0
611,2013-09-17,Sign Up,0
612,2013-02-10,Sign Up,0
612,2013-07-14,Upgrade,75448
612,2013-07-31,Upgrade,75449
612,2014-08-14,Renew,75449
612,2015-08-14,Expire,0
613,2014-01-26,Sign Up,0
614,2014-12-07,Sign Up,0
615,2017-11-03,Sign Up,0
616,2013-09-24,Sign Up,0
616,2016-08-19,Upgrade,35386
616,2017-08-19,Expire,0
617,2016-06-10,Sign Up,0
617,2018-02-10,Upgrade,16317
617,2018-03-10,Renew,16317
617,2018-03-30,Upgrade,16318
617,2019-04-09,Downgrade,35385
617,2019-05-10,Renew,35385
617,2019-06-10,Expire,0
618,2016-04-24,Sign Up,0
619,2015-01-26,Sign Up,0
619,2017-03-24,Upgrade,75449
619,2018-03-24,Expire,0
620,2017-06-26,Sign Up,0
621,2013-10-15,Sign Up,0
622,2014-06-01,Sign Up,0
623,2018-02-21,Sign Up,0
623,2018-05-13,Upgrade,35385
623,2018-06-13,Renew,35385
623,2018-06-29,Downgrade,75449
623,2019-06-29,Expire,0
624,2014-09-03,Sign Up,0
625,2015-07-24,Sign Up,0
625,2016-08-13,Upgrade,16317
625,2016-09-13,Renew,16317
625,2016-10-13,Renew,16317
625,2016-11-13,Renew,16317
625,2016-12-13,Renew,16317
625,2017-01-13,Renew,16317
625,2017-02-13,Expire,0
626,2015-09-18,Sign Up,0
626,2016-02-11,Upgrade,16318
626,2017-02-11,Renew,16318
626,2018-02-02,Downgrade,75448
626,2018-03-01,Upgrade,35385
626,2018-03-31,Downgrade,75448
626,2018-04-30,Expire,0
627,2014-09-10,Sign Up,0
627,2016-06-12,Upgrade,16317
627,2016-07-04,Downgrade,75449
627,2017-06-30,Downgrade,75448
627,2017-08-12,Renew,75448
627,2017-09-12,Expire,0
628,2015-07-06,Sign Up,0
628,2018-02-24,Upgrade,16317
628,2018-03-24,Renew,16317
628,2018-04-24,Renew,16317
628,2018-05-24,Renew,16317
628,2018-06-24,Expire,0
629,2016-05-25,Sign Up,0
630,2017-10-23,Sign Up,0
631,2015-12-03,Sign Up,0
632,2014-11-18,Sign Up,0
633,2014-04-15,Sign Up,0
634,2013-10-13,Sign Up,0
635,2014-03-05,Sign Up,0
636,2013-10-06,Sign Up,0
636,2016-05-15,Upgrade,16318
636,2017-05-15,Renew,16318
636,2018-05-15,Renew,16318
636,2019-05-15,Expire,0
637,2017-07-09,Sign Up,0
637,2018-03-13,Upgrade,35386
637,2019-03-10,Upgrade,16317
637,2019-04-13,Renew,16317
637,2019-04-30,Upgrade,16318
637,2020-04-30,Expire,0
638,2018-03-17,Sign Up,0
639,2017-06-12,Sign Up,0
639,2017-10-20,Upgrade,35386
639,2018-10-13,Downgrade,75449
639,2019-10-20,Renew,75449
639,2020-10-20,Expire,0
640,2016-08-27,Sign Up,0
641,2017-11-28,Sign Up,0
642,2016-02-17,Sign Up,0
643,2016-09-10,Sign Up,0
644,2017-05-01,Sign Up,0
644,2017-08-19,Upgrade,16317
644,2017-09-19,Renew,16317
644,2017-10-07,Upgrade,16318
644,2018-10-19,Renew,16318
644,2019-10-19,Renew,16318
644,2020-10-19,Renew,16318
644,2021-10-19,Expire,0
645,2016-01-05,Sign Up,0
646,2016-02-04,Sign Up,0
647,2013-09-09,Sign Up,0
647,2014-02-03,Upgrade,35386
647,2015-02-03,Expire,0
648,2018-03-18,Sign Up,0
649,2013-11-18,Sign Up,0
650,2016-06-07,Sign Up,0
651,2015-11-17,Sign Up,0
652,2015-10-09,Sign Up,0
652,2017-05-06,Upgrade,16317
652,2017-06-06,Renew,16317
652,2017-07-06,Expire,0
653,2017-10-04,Sign Up,0
654,2015-02-13,Sign Up,0
655,2014-10-26,Sign Up,0
655,2015-01-18,Upgrade,16318
655,2016-01-13,Downgrade,75449
655,2017-01-13,Expire,0
656,2014-08-28,Sign Up,0
657,2015-08-23,Sign Up,0
658,2015-03-02,Sign Up,0
659,2013-12-21,Sign Up,0
660,2015-02-20,Sign Up,0
661,2016-07-15,Sign Up,0
661,2017-11-12,Upgrade,16317
661,2017-12-12,Renew,16317
661,2017-12-31,Downgrade,75448
661,2018-01-31,Expire,0
662,2014-12-25,Sign Up,0
662,2016-11-18,Upgrade,16317
662,2016-12-18,Renew,16317
662,2017-01-18,Renew,16317
662,2017-02-18,Renew,16317
662,2017-03-12,Downgrade,75449
662,2018-03-12,Expire,0
663,2016-12-10,Sign Up,0
663,2017-04-04,Upgrade,16318
663,2018-04-04,Renew,16318
663,2019-04-04,Expire,0
664,2017-10-21,Sign Up,0
664,2017-12-09,Upgrade,35386
664,2018-12-09,Renew,35386
664,2019-12-09,Renew,35386
664,2020-12-09,Expire,0
665,2015-05-07,Sign Up,0
666,2013-07-27,Sign Up,0
667,2016-10-11,Sign Up,0
667,2018-05-11,Upgrade,35386
667,2019-05-11,Renew,35386
667,2020-05-11,Renew,35386
667,2021-05-06,Upgrade,16317
667,2021-06-06,Expire,0
668,2013-08-18,Sign Up,0
669,2017-08-27,Sign Up,0
670,2016-04-24,Sign Up,0
671,2015-01-22,Sign Up,0
671,2017-04-22,Upgrade,16318
671,2018-04-22,Renew,16318
671,2019-04-22,Expire,0
672,2017-02-23,Sign Up,0
673,2017-07-07,Sign Up,0
674,2017-01-16,Sign Up,0
674,2018-01-08,Upgrade,16317
674,2018-02-08,Renew,16317
674,2018-03-05,Downgrade,35386
674,2019-02-27,Downgrade,75448
674,2019-04-08,Renew,75448
674,2019-05-08,Expire,0
675,2016-06-07,Sign Up,0
676,2014-03-16,Sign Up,0
677,2013-11-20,Sign Up,0
677,2018-03-13,Upgrade,16317
677,2018-04-07,Upgrade,16318
677,2019-04-07,Expire,0
678,2014-04-15,Sign Up,0
679,2013-06-20,Sign Up,0
679,2017-06-04,Upgrade,75449
679,2018-06-04,Renew,75449
679,2019-06-04,Expire,0
680,2017-05-26,Sign Up,0
680,2017-09-18,Upgrade,75449
680,2018-09-05,Upgrade,16317
680,2018-10-18,Renew,16317
680,2018-11-18,Expire,0
681,2017-11-03,Sign Up,0
682,2017-08-05,Sign Up,0
682,2018-04-01,Upgrade,75449
682,2019-04-01,Expire,0
683,2014-08-05,Sign Up,0
684,2014-01-15,Sign Up,0
685,2017-02-17,Sign Up,0
686,2017-10-14,Sign Up,0
687,2014-12-28,Sign Up,0
687,2016-09-23,Upgrade,75449
687,2017-09-23,Expire,0
688,2015-08-11,Sign Up,0
689,2015-04-13,Sign Up,0
689,2017-07-14,Upgrade,35385
689,2017-08-14,Expire,0
690,2013-06-20,Sign Up,0
691,2015-08-04,Sign Up,0
691,2016-11-03,Upgrade,16317
691,2016-12-03,Renew,16317
691,2017-01-03,Renew,16317
691,2017-02-03,Upgrade,16318
691,2018-02-02,Downgrade,16317
691,2018-03-03,Renew,16317
691,2018-04-03,Renew,16317
691,2018-04-21,Downgrade,75449
691,2019-04-21,Upgrade,35386
691,2020-04-21,Expire,0
692,2014-03-10,Sign Up,0
693,2018-03-02,Sign Up,0
693,2018-05-13,Upgrade,75449
693,2019-05-08,Downgrade,75448
693,2019-06-13,Renew,75448
693,2019-07-13,Renew,75448
693,2019-08-13,Expire,0
694,2013-12-10,Sign Up,0
695,2016-01-28,Sign Up,0
696,2015-02-26,Sign Up,0
697,2015-06-21,Sign Up,0
698,2017-03-07,Sign Up,0
699,2013-03-19,Sign Up,0
699,2015-12-02,Upgrade,75448
699,2015-12-26,Upgrade,16318
699,2016-12-26,Expire,0
700,2015-04-08,Sign Up,0
700,2016-06-22,Upgrade,35385
700,2016-07-22,Renew,35385
700,2016-08-22,Renew,35385
700,2016-09-22,Downgrade,75449
700,2017-09-17,Downgrade,75448
700,2017-10-11,Upgrade,35386
700,2018-10-21,Downgrade,75449
700,2019-10-22,Downgrade,75448
700,2019-11-22,Renew,75448
700,2019-12-11,Upgrade,35386
700,2020-12-20,Downgrade,35385
700,2021-01-22,Renew,35385
700,2021-02-22,Expire,0
701,2013-10-15,Sign Up,0
702,2016-03-13,Sign Up,0
703,2017-04-28,Sign Up,0
703,2017-09-23,Upgrade,35385
703,2017-10-23,Renew,35385
703,2017-11-17,Downgrade,75448
703,2017-12-23,Renew,75448
703,2018-01-23,Expire,0
704,2017-11-06,Sign Up,0
704,2017-12-04,Upgrade,16317
704,2018-01-04,Renew,16317
704,2018-02-04,Expire,0
705,2013-03-17,Sign Up,0
705,2016-01-22,Upgrade,75448
705,2016-02-22,Renew,75448
705,2016-03-22,Renew,75448
705,2016-04-22,Expire,0
706,2016-04-02,Sign Up,0
707,2018-05-08,Sign Up,0
708,2017-04-05,Sign Up,0
708,2017-05-23,Upgrade,35385
708,2017-06-13,Upgrade,16317
708,2017-07-20,Downgrade,75448
708,2017-08-23,Renew,75448
708,2017-09-23,Renew,75448
708,2017-10-23,Expire,0
709,2015-04-02,Sign Up,0
710,2016-08-24,Sign Up,0
711,2016-03-04,Sign Up,0
712,2014-09-17,Sign Up,0
712,2015-11-08,Upgrade,35386
712,2016-11-08,Renew,35386
712,2017-11-08,Renew,35386
712,2018-10-25,Upgrade,16318
712,2019-10-25,Expire,0
713,2015-09-27,Sign Up,0
714,2014-04-16,Sign Up,0
715,2016-10-16,Sign Up,0
715,2017-04-15,Upgrade,16318
715,2018-04-15,Expire,0
716,2016-08-19,Sign Up,0
717,2017-11-19,Sign Up,0
718,2017-01-06,Sign Up,0
719,2013-08-28,Sign Up,0
719,2017-06-10,Upgrade,75449
719,2018-06-10,Expire,0
720,2017-06-14,Sign Up,0
721,2016-11-13,Sign Up,0
722,2016-01-23,Sign Up,0
723,2017-04-05,Sign Up,0
724,2015-01-12,Sign Up,0
724,2018-03-16,Upgrade,35385
724,2018-04-16,Renew,35385
724,2018-05-16,Renew,35385
724,2018-06-07,Downgrade,75448
724,2018-07-07,Expire,0
725,2018-03-13,Sign Up,0
726,2013-12-04,Sign Up,0
727,2013-12-27,Sign Up,0
728,2015-07-11,Sign Up,0
729,2015-06-27,Sign Up,0
729,2016-03-13,Upgrade,75449
729,2017-03-13,Expire,0
730,2014-04-24,Sign Up,0
731,2014-07-11,Sign Up,0
732,2014-10-19,Sign Up,0
733,2018-03-14,Sign Up,0
734,2016-09-27,Sign Up,0
735,2015-01-10,Sign Up,0
736,2014-05-16,Sign Up,0
737,2014-09-17,Sign Up,0
738,2016-08-28,Sign Up,0
739,2017-03-21,Sign Up,0
740,2016-10-23,Sign Up,0
741,2013-06-05,Sign Up,0
742,2014-06-26,Sign Up,0
742,2017-06-27,Upgrade,75449
742,2018-06-27,Renew,75449
742,2019-06-27,Expire,0
743,2018-03-16,Sign Up,0
743,2018-05-13,Upgrade,75449
743,2019-05-13,Renew,75449
743,2020-05-13,Renew,75449
743,2021-05-13,Expire,0
744,2013-07-20,Sign Up,0
744,2015-09-23,Upgrade,35386
744,2016-09-23,Expire,0
745,2013-03-28,Sign Up,0
746,2015-08-23,Sign Up,0
747,2015-07-21,Sign Up,0
748,2018-02-04,Sign Up,0
748,2018-04-12,Upgrade,16317
748,2018-04-29,Upgrade,16318
748,2019-05-12,Renew,16318
748,2020-05-12,Expire,0
749,2015-10-11,Sign Up,0
750,2016-01-05,Sign Up,0
751,2015-12-10,Sign Up,0
752,2016-07-06,Sign Up,0
752,2017-02-11,Upgrade,35385
752,2017-03-11,Renew,35385
752,2017-04-11,Renew,35385
752,2017-05-04,Downgrade,75448
752,2017-06-04,Expire,0
753,2016-11-22,Sign Up,0
754,2014-05-11,Sign Up,0
755,2016-10-18,Sign Up,0
756,2017-11-25,Sign Up,0
756,2018-03-15,Upgrade,35385
756,2018-04-15,Expire,0
757,2013-08-04,Sign Up,0
758,2013-05-10,Sign Up,0
759,2018-05-19,Sign Up,0
759,2018-05-27,Upgrade,75449
759,2019-05-25,Downgrade,75448
759,2019-06-27,Renew,75448
759,2019-07-27,Expire,0
760,2014-11-20,Sign Up,0
761,2016-01-16,Sign Up,0
762,2016-12-22,Sign Up,0
763,2017-10-23,Sign Up,0
764,2015-11-23,Sign Up,0
764,2017-04-03,Upgrade,75448
764,2017-05-03,Expire,0
765,2016-03-17,Sign Up,0
766,2014-07-16,Sign Up,0
767,2017-07-28,Sign Up,0
768,2015-12-02,Sign Up,0
768,2017-03-28,Upgrade,75449
768,2018-03-22,Downgrade,75448
768,2018-04-28,Renew,75448
768,2018-05-28,Renew,75448
768,2018-06-28,Renew,75448
768,2018-07-28,Renew,75448
768,2018-08-28,Expire,0
769,2014-06-24,Sign Up,0
769,2016-11-25,Upgrade,75448
769,2016-12-25,Renew,75448
769,2017-01-25,Renew,75448
769,2017-02-15,Upgrade,16318
769,2018-02-25,Renew,16318
769,2019-02-17,Downgrade,35385
769,2019-03-19,Upgrade,35386
769,2020-03-25,Renew,35386
769,2021-03-25,Expire,0
770,2015-03-04,Sign Up,0
771,2015-04-18,Sign Up,0
772,2013-05-13,Sign Up,0
772,2015-03-11,Upgrade,16317
772,2015-04-11,Expire,0
773,2016-08-06,Sign Up,0
774,2015-10-17,Sign Up,0
775,2017-01-17,Sign Up,0
776,2014-05-06,Sign Up,0
777,2015-10-25,Sign Up,0
777,2015-11-08,Upgrade,16318
777,2016-11-08,Expire,0
778,2015-02-18,Sign Up,0
778,2017-07-21,Upgrade,16318
778,2018-07-21,Renew,16318
778,2019-07-21,Renew,16318
778,2020-07-21,Expire,0
779,2016-05-21,Sign Up,0
780,2017-06-09,Sign Up,0
781,2015-04-12,Sign Up,0
782,2018-03-21,Sign Up,0
782,2018-04-08,Upgrade,35386
782,2019-04-08,Renew,35386
782,2020-04-08,Expire,0
783,2016-12-07,Sign Up,0
783,2017-05-15,Upgrade,75449
783,2018-05-08,Upgrade,35386
783,2019-05-09,Upgrade,16318
783,2020-05-15,Renew,16318
783,2021-05-15,Expire,0
784,2017-06-03,Sign Up,0
785,2013-05-09,Sign Up,0
786,2016-11-24,Sign Up,0
787,2013-03-10,Sign Up,0
788,2013-12-15,Sign Up,0
789,2018-02-24,Sign Up,0
790,2015-03-17,Sign Up,0
791,2014-03-14,Sign Up,0
791,2015-01-05,Upgrade,16317
791,2015-01-31,Upgrade,16318
791,2016-01-31,Expire,0
792,2017-09-25,Sign Up,0
793,2015-04-26,Sign Up,0
793,2016-08-16,Upgrade,75448
793,2016-09-16,Expire,0
794,2016-10-28,Sign Up,0
795,2017-05-27,Sign Up,0
796,2017-01-08,Sign Up,0
797,2014-08-18,Sign Up,0
798,2017-02-17,Sign Up,0
798,2018-02-05,Upgrade,16318
798,2019-02-05,Renew,16318
798,2020-02-05,Renew,16318
798,2021-02-05,Expire,0
799,2014-12-17,Sign Up,0
800,2013-11-13,Sign Up,0
800,2014-12-24,Upgrade,35386
800,2015-12-24,Renew,35386
800,2016-12-20,Upgrade,16318
800,2017-12-24,Renew,16318
800,2018-12-24,Expire,0
801,2016-04-03,Sign Up,0
801,2017-07-03,Upgrade,16317
801,2017-08-03,Downgrade,75448
801,2017-09-03,Expire,0
802,2015-06-24,Sign Up,0
802,2016-10-24,Upgrade,75448
802,2016-11-24,Expire,0
803,2013-02-27,Sign Up,0
804,2016-08-05,Sign Up,0
805,2017-12-07,Sign Up,0
806,2013-08-26,Sign Up,0
807,2014-06-01,Sign Up,0
808,2015-10-18,Sign Up,0
809,2017-03-04,Sign Up,0
809,2018-01-07,Upgrade,75448
809,2018-02-07,Expire,0
810,2015-11-13,Sign Up,0
810,2017-02-12,Upgrade,75449
810,2018-02-12,Renew,75449
810,2019-02-12,Renew,75449
810,2020-02-12,Expire,0
811,2014-12-24,Sign Up,0
812,2018-04-20,Sign Up,0
812,2018-05-08,Upgrade,16318
812,2019-05-08,Renew,16318
812,2020-05-08,Expire,0
813,2016-11-21,Sign Up,0
814,2014-06-20,Sign Up,0
815,2017-02-18,Sign Up,0
815,2017-11-09,Upgrade,16317
815,2017-12-09,Renew,16317
815,2018-01-09,Renew,16317
815,2018-02-09,Renew,16317
815,2018-03-09,Renew,16317
815,2018-03-30,Downgrade,75449
815,2019-04-09,Renew,75449
815,2020-04-06,Downgrade,75448
815,2020-05-09,Renew,75448
815,2020-06-09,Expire,0
816,2014-08-21,Sign Up,0
817,2013-10-03,Sign Up,0
818,2013-07-15,Sign Up,0
819,2014-04-09,Sign Up,0
820,2013-11-01,Sign Up,0
821,2016-10-19,Sign Up,0
822,2016-02-27,Sign Up,0
822,2016-06-21,Upgrade,75448
822,2016-07-21,Renew,75448
822,2016-08-21,Renew,75448
822,2016-09-21,Expire,0
823,2017-05-16,Sign Up,0
824,2014-05-14,Sign Up,0
824,2018-02-06,Upgrade,16318
824,2019-02-06,Renew,16318
824,2020-02-06,Expire,0
825,2014-02-18,Sign Up,0
826,2013-10-05,Sign Up,0
827,2017-03-04,Sign Up,0
828,2013-09-25,Sign Up,0
828,2016-11-21,Upgrade,75449
828,2017-11-21,Renew,75449
828,2018-11-18,Upgrade,35385
828,2018-12-21,Renew,35385
828,2019-01-21,Renew,35385
828,2019-02-21,Renew,35385
828,2019-03-21,Expire,0
829,2013-06-22,Sign Up,0
830,2017-06-07,Sign Up,0
830,2017-12-10,Upgrade,16317
830,2018-01-10,Expire,0
831,2016-02-01,Sign Up,0
832,2013-05-18,Sign Up,0
833,2017-09-19,Sign Up,0
834,2013-03-16,Sign Up,0
835,2013-03-13,Sign Up,0
835,2018-04-13,Upgrade,35386
835,2019-04-10,Upgrade,16317
835,2019-05-13,Downgrade,75448
835,2019-06-13,Renew,75448
835,2019-07-13,Renew,75448
835,2019-08-13,Expire,0
836,2014-10-02,Sign Up,0
837,2014-01-25,Sign Up,0
838,2016-01-12,Sign Up,0
839,2013-06-27,Sign Up,0
840,2015-12-24,Sign Up,0
840,2016-09-16,Upgrade,75449
840,2017-09-13,Downgrade,75448
840,2017-10-13,Expire,0
841,2014-04-19,Sign Up,0
842,2014-09-03,Sign Up,0
843,2013-10-15,Sign Up,0
843,2018-05-23,Upgrade,75448
843,2018-06-15,Upgrade,16317
843,2018-07-23,Renew,16317
843,2018-08-23,Upgrade,16318
843,2019-08-23,Renew,16318
843,2020-08-23,Renew,16318
843,2021-08-23,Expire,0
844,2018-01-03,Sign Up,0
845,2014-08-16,Sign Up,0
846,2017-08-08,Sign Up,0
847,2015-11-11,Sign Up,0
848,2014-01-24,Sign Up,0
848,2017-09-28,Upgrade,75448
848,2017-10-28,Expire,0
849,2017-05-26,Sign Up,0
850,2017-06-13,Sign Up,0
851,2015-04-27,Sign Up,0
851,2016-10-04,Upgrade,16317
851,2016-11-04,Renew,16317
851,2016-11-21,Downgrade,35385
851,2017-01-04,Renew,35385
851,2017-02-04,Renew,35385
851,2017-03-04,Renew,35385
851,2017-04-04,Renew,35385
851,2017-05-04,Renew,35385
851,2017-06-02,Upgrade,16318
851,2018-06-04,Renew,16318
851,2019-05-31,Downgrade,16317
851,2019-07-04,Renew,16317
851,2019-08-04,Renew,16317
851,2019-08-21,Downgrade,35385
851,2019-10-01,Downgrade,75448
851,2019-11-01,Expire,0
852,2015-06-12,Sign Up,0
853,2016-01-16,Sign Up,0
854,2015-09-14,Sign Up,0
855,2018-05-18,Sign Up,0
856,2015-10-06,Sign Up,0
856,2018-01-03,Upgrade,35386
856,2019-01-03,Renew,35386
856,2020-01-03,Renew,35386
856,2021-01-03,Expire,0
857,2017-01-20,Sign Up,0
857,2018-05-22,Upgrade,16317
857,2018-06-22,Renew,16317
857,2018-07-22,Renew,16317
857,2018-08-10,Downgrade,75449
857,2019-08-19,Downgrade,75448
857,2019-09-22,Renew,75448
857,2019-10-15,Upgrade,35386
857,2020-10-22,Renew,35386
857,2021-10-22,Expire,0
858,2013-08-21,Sign Up,0
859,2014-01-06,Sign Up,0
859,2014-08-24,Upgrade,16318
859,2015-08-24,Expire,0
860,2017-10-12,Sign Up,0
860,2017-10-14,Upgrade,16318
860,2018-09-30,Downgrade,35385
860,2018-11-14,Renew,35385
860,2018-12-14,Renew,35385
860,2019-01-14,Renew,35385
860,2019-02-14,Renew,35385
860,2019-03-14,Expire,0
861,2016-10-04,Sign Up,0
861,2018-01-16,Upgrade,35385
861,2018-02-16,Expire,0
862,2014-02-26,Sign Up,0
862,2014-06-22,Upgrade,16317
862,2014-07-22,Renew,16317
862,2014-08-22,Renew,16317
862,2014-09-22,Renew,16317
862,2014-10-22,Renew,16317
862,2014-11-13,Upgrade,16318
862,2015-11-22,Renew,16318
862,2016-11-22,Renew,16318
862,2017-11-22,Expire,0
863,2017-10-23,Sign Up,0
864,2015-02-25,Sign Up,0
864,2016-12-15,Upgrade,16317
864,2017-01-15,Renew,16317
864,2017-02-09,Upgrade,16318
864,2018-02-15,Renew,16318
864,2019-02-15,Expire,0
865,2015-02-01,Sign Up,0
865,2016-06-28,Upgrade,35385
865,2016-07-28,Renew,35385
865,2016-08-28,Downgrade,75449
865,2017-08-28,Renew,75449
865,2018-08-15,Downgrade,75448
865,2018-09-28,Upgrade,16318
865,2019-09-28,Renew,16318
865,2020-09-28,Expire,0
866,2015-12-25,Sign Up,0
867,2015-09-15,Sign Up,0
867,2017-05-07,Upgrade,35386
867,2018-05-06,Downgrade,35385
867,2018-06-06,Upgrade,16317
867,2018-07-07,Renew,16317
867,2018-08-07,Renew,16317
867,2018-09-07,Renew,16317
867,2018-10-07,Renew,16317
867,2018-11-07,Renew,16317
867,2018-12-07,Renew,16317
867,2019-01-07,Renew,16317
867,2019-02-07,Renew,16317
867,2019-03-07,Renew,16317
867,2019-03-29,Downgrade,35385
867,2019-04-29,Expire,0
868,2018-03-05,Sign Up,0
869,2018-03-24,Sign Up,0
870,2017-08-06,Sign Up,0
870,2017-08-23,Upgrade,35386
870,2018-08-23,Renew,35386
870,2019-08-23,Renew,35386
870,2020-08-23,Renew,35386
870,2021-08-23,Expire,0
871,2014-02-08,Sign Up,0
871,2017-10-07,Upgrade,75448
871,2017-11-07,Renew,75448
871,2017-12-07,Expire,0
872,2015-11-02,Sign Up,0
873,2014-04-25,Sign Up,0
874,2015-12-04,Sign Up,0
875,2013-01-10,Sign Up,0
876,2018-02-16,Sign Up,0
876,2018-03-17,Upgrade,75449
876,2019-03-17,Renew,75449
876,2020-03-17,Renew,75449
876,2021-03-17,Expire,0
877,2018-01-01,Sign Up,0
877,2018-04-02,Upgrade,16318
877,2019-04-02,Renew,16318
877,2020-04-02,Renew,16318
877,2021-04-02,Expire,0
878,2016-08-07,Sign Up,0
879,2018-05-26,Sign Up,0
879,2018-05-26,Upgrade,16317
879,2018-06-26,Renew,16317
879,2018-07-26,Renew,16317
879,2018-08-26,Renew,16317
879,2018-09-26,Expire,0
880,2015-12-22,Sign Up,0
881,2016-05-06,Sign Up,0
882,2015-10-06,Sign Up,0
883,2017-09-16,Sign Up,0
883,2017-11-01,Upgrade,16318
883,2018-11-01,Renew,16318
883,2019-11-01,Expire,0
884,2013-08-22,Sign Up,0
885,2016-05-28,Sign Up,0
886,2013-10-03,Sign Up,0
886,2017-05-01,Upgrade,75448
886,2017-06-01,Renew,75448
886,2017-07-01,Renew,75448
886,2017-07-29,Upgrade,75449
886,2018-07-31,Downgrade,75448
886,2018-09-01,Renew,75448
886,2018-10-01,Expire,0
887,2014-04-16,Sign Up,0
887,2016-11-18,Upgrade,16318
887,2017-11-18,Renew,16318
887,2018-11-18,Renew,16318
887,2019-11-13,Downgrade,75448
887,2019-12-18,Renew,75448
887,2020-01-18,Renew,75448
887,2020-02-18,Expire,0
888,2018-03-27,Sign Up,0
889,2014-11-10,Sign Up,0
890,2015-06-02,Sign Up,0
891,2016-11-10,Sign Up,0
891,2018-02-09,Upgrade,16317
891,2018-02-26,Downgrade,75448
891,2018-03-26,Expire,0
892,2014-01-27,Sign Up,0
893,2014-02-03,Sign Up,0
894,2013-03-24,Sign Up,0
894,2014-01-28,Upgrade,75449
894,2015-01-28,Expire,0
895,2014-09-19,Sign Up,0
895,2017-02-10,Upgrade,16318
895,2018-02-07,Downgrade,16317
895,2018-02-27,Downgrade,35385
895,2018-04-10,Renew,35385
895,2018-05-10,Renew,35385
895,2018-05-30,Upgrade,16317
895,2018-06-30,Expire,0
896,2013-02-23,Sign Up,0
897,2016-08-09,Sign Up,0
898,2016-02-11,Sign Up,0
899,2015-10-05,Sign Up,0
899,2015-12-03,Upgrade,16317
899,2016-01-03,Renew,16317
899,2016-02-03,Renew,16317
899,2016-03-03,Renew,16317
899,2016-04-03,Renew,16317
899,2016-05-03,Renew,16317
899,2016-06-03,Renew,16317
899,2016-07-03,Renew,16317
899,2016-08-03,Renew,16317
899,2016-09-03,Expire,0
900,2013-07-06,Sign Up,0
901,2016-02-10,Sign Up,0
902,2016-02-10,Sign Up,0
903,2014-01-03,Sign Up,0
903,2016-05-19,Upgrade,16318
903,2017-05-19,Renew,16318
903,2018-05-19,Renew,16318
903,2019-05-19,Renew,16318
903,2020-05-19,Renew,16318
903,2021-05-19,Expire,0
904,2016-11-11,Sign Up,0
905,2017-07-24,Sign Up,0
905,2017-09-06,Upgrade,75449
905,2018-09-03,Upgrade,16317
905,2018-10-06,Renew,16317
905,2018-11-06,Renew,16317
905,2018-12-04,Downgrade,75449
905,2019-12-02,Downgrade,75448
905,2020-01-06,Renew,75448
905,2020-02-06,Renew,75448
905,2020-03-06,Renew,75448
905,2020-03-31,Upgrade,35386
905,2021-03-31,Expire,0
906,2015-03-09,Sign Up,0
907,2015-04-12,Sign Up,0
908,2017-06-23,Sign Up,0
909,2015-11-11,Sign Up,0
910,2015-03-20,Sign Up,0
911,2013-01-11,Sign Up,0
912,2016-11-20,Sign Up,0
913,2018-01-15,Sign Up,0
913,2018-05-12,Upgrade,35386
913,2019-05-07,Upgrade,16318
913,2020-05-12,Renew,16318
913,2021-05-12,Expire,0
914,2014-07-01,Sign Up,0
915,2018-01-02,Sign Up,0
915,2018-01-20,Upgrade,35386
915,2019-01-20,Renew,35386
915,2020-01-10,Upgrade,16318
915,2021-01-16,Downgrade,35385
915,2021-02-20,Renew,35385
915,2021-03-20,Expire,0
916,2017-08-17,Sign Up,0
917,2014-11-09,Sign Up,0
917,2016-08-11,Upgrade,35386
917,2017-08-11,Renew,35386
917,2018-08-11,Expire,0
918,2014-08-01,Sign Up,0
918,2015-08-09,Upgrade,75448
918,2015-09-09,Renew,75448
918,2015-10-09,Renew,75448
918,2015-11-09,Expire,0
919,2015-05-06,Sign Up,0
920,2018-01-04,Sign Up,0
921,2018-02-26,Sign Up,0
922,2017-04-17,Sign Up,0
923,2016-04-09,Sign Up,0
924,2016-07-01,Sign Up,0
925,2013-08-20,Sign Up,0
926,2014-07-11,Sign Up,0
926,2015-04-08,Upgrade,35386
926,2016-04-08,Renew,35386
926,2017-03-30,Downgrade,35385
926,2017-05-08,Renew,35385
926,2017-05-31,Upgrade,35386
926,2018-06-08,Renew,35386
926,2019-06-08,Expire,0
927,2015-01-11,Sign Up,0
928,2013-05-19,Sign Up,0
929,2016-09-18,Sign Up,0
930,2013-07-06,Sign Up,0
930,2014-10-19,Upgrade,35386
930,2015-10-19,Renew,35386
930,2016-10-10,Downgrade,35385
930,2016-11-16,Downgrade,75448
930,2016-12-19,Renew,75448
930,2017-01-10,Upgrade,16317
930,2017-02-19,Renew,16317
930,2017-03-19,Renew,16317
930,2017-04-15,Downgrade,75449
930,2018-04-16,Upgrade,16317
930,2018-05-16,Expire,0
931,2015-11-15,Sign Up,0
932,2017-04-21,Sign Up,0
932,2017-05-19,Upgrade,75449
932,2018-05-19,Upgrade,16317
932,2018-06-19,Renew,16317
932,2018-07-14,Downgrade,75448
932,2018-08-19,Renew,75448
932,2018-09-19,Renew,75448
932,2018-10-19,Renew,75448
932,2018-11-19,Expire,0
933,2018-02-24,Sign Up,0
934,2014-06-05,Sign Up,0
935,2017-10-09,Sign Up,0
935,2018-04-04,Upgrade,16318
935,2019-03-24,Downgrade,35386
935,2020-04-04,Renew,35386
935,2021-04-01,Downgrade,75448
935,2021-05-01,Expire,0
936,2017-09-16,Sign Up,0
937,2013-05-08,Sign Up,0
938,2015-06-06,Sign Up,0
938,2017-10-13,Upgrade,16317
938,2017-11-13,Expire,0
939,2013-10-23,Sign Up,0
940,2017-04-16,Sign Up,0
940,2017-11-20,Upgrade,16317
940,2017-12-17,Upgrade,16318
940,2018-12-17,Expire,0
941,2014-01-14,Sign Up,0
941,2017-12-27,Upgrade,35386
941,2018-12-27,Expire,0
942,2014-02-22,Sign Up,0
943,2018-04-07,Sign Up,0
943,2018-04-26,Upgrade,35386
943,2019-04-22,Upgrade,16318
943,2020-04-26,Renew,16318
943,2021-04-26,Expire,0
944,2018-01-10,Sign Up,0
944,2018-02-03,Upgrade,35385
944,2018-03-03,Renew,35385
944,2018-04-03,Renew,35385
944,2018-04-27,Upgrade,16318
944,2019-04-27,Expire,0
945,2018-01-05,Sign Up,0
946,2017-06-07,Sign Up,0
946,2017-07-26,Upgrade,75448
946,2017-08-23,Upgrade,16317
946,2017-09-21,Upgrade,16318
946,2018-09-21,Expire,0
947,2015-11-16,Sign Up,0
948,2017-04-26,Sign Up,0
949,2013-06-26,Sign Up,0
950,2018-03-05,Sign Up,0
950,2018-04-23,Upgrade,16317
950,2018-05-11,Downgrade,75448
950,2018-06-23,Renew,75448
950,2018-07-23,Renew,75448
950,2018-08-23,Expire,0
951,2017-02-06,Sign Up,0
952,2013-01-27,Sign Up,0
953,2014-01-27,Sign Up,0
954,2016-11-13,Sign Up,0
955,2015-05-03,Sign Up,0
956,2013-03-28,Sign Up,0
957,2015-01-19,Sign Up,0
958,2017-04-28,Sign Up,0
959,2016-07-11,Sign Up,0
960,2013-08-20,Sign Up,0
961,2016-04-06,Sign Up,0
961,2017-01-09,Upgrade,16318
961,2018-01-09,Renew,16318
961,2019-01-09,Expire,0
962,2016-08-18,Sign Up,0
963,2017-01-19,Sign Up,0
964,2016-06-16,Sign Up,0
965,2015-10-14,Sign Up,0
966,2017-08-27,Sign Up,0
966,2018-04-28,Upgrade,16318
966,2019-04-22,Downgrade,35385
966,2019-05-20,Downgrade,75448
966,2019-06-20,Expire,0
967,2013-07-19,Sign Up,0
968,2015-03-14,Sign Up,0
969,2014-06-13,Sign Up,0
969,2015-12-26,Upgrade,75448
969,2016-01-26,Expire,0
970,2016-04-22,Sign Up,0
971,2015-11-06,Sign Up,0
972,2018-03-20,Sign Up,0
973,2014-11-26,Sign Up,0
974,2013-07-19,Sign Up,0
974,2015-04-09,Upgrade,16317
974,2015-05-09,Renew,16317
974,2015-06-09,Expire,0
975,2017-05-15,Sign Up,0
976,2016-01-02,Sign Up,0
977,2016-04-27,Sign Up,0
977,2017-08-01,Upgrade,35386
977,2018-07-19,Downgrade,75449
977,2019-08-01,Renew,75449
977,2020-08-01,Renew,75449
977,2021-07-18,Downgrade,75448
977,2021-08-24,Upgrade,16317
977,2021-10-01,Renew,16317
977,2021-10-25,Downgrade,75448
977,2021-11-25,Expire,0
978,2016-05-12,Sign Up,0
978,2018-04-08,Upgrade,16318
978,2019-04-08,Renew,16318
978,2020-04-04,Downgrade,75449
978,2021-04-04,Expire,0
979,2014-03-01,Sign Up,0
980,2013-08-13,Sign Up,0
981,2013-11-18,Sign Up,0
982,2017-02-13,Sign Up,0
982,2017-05-02,Upgrade,16318
982,2018-05-02,Renew,16318
982,2019-05-02,Renew,16318
982,2020-05-02,Expire,0
983,2017-09-03,Sign Up,0
984,2014-03-02,Sign Up,0
985,2017-02-24,Sign Up,0
985,2017-11-14,Upgrade,16318
985,2018-11-14,Expire,0
986,2014-11-03,Sign Up,0
987,2018-04-11,Sign Up,0
987,2018-04-26,Upgrade,75449
987,2019-04-26,Upgrade,16317
987,2019-05-18,Downgrade,35385
987,2019-06-15,Downgrade,75448
987,2019-07-26,Renew,75448
987,2019-08-17,Upgrade,75449
987,2020-08-26,Renew,75449
987,2021-08-26,Downgrade,75448
987,2021-09-26,Renew,75448
987,2021-10-26,Expire,0
988,2015-07-07,Sign Up,0
989,2014-01-25,Sign Up,0
990,2013-10-10,Sign Up,0
991,2018-05-22,Sign Up,0
992,2015-09-10,Sign Up,0
992,2015-09-24,Upgrade,35385
992,2015-10-24,Downgrade,75449
992,2016-10-24,Renew,75449
992,2017-10-24,Expire,0
993,2017-02-15,Sign Up,0
993,2018-05-15,Upgrade,16317
993,2018-06-14,Upgrade,16318
993,2019-06-15,Renew,16318
993,2020-06-02,Downgrade,16317
993,2020-07-02,Expire,0
994,2014-06-13,Sign Up,0
995,2018-05-11,Sign Up,0
995,2018-05-25,Upgrade,16318
995,2019-05-25,Expire,0
996,2016-08-23,Sign Up,0
997,2017-12-23,Sign Up,0
998,2013-11-21,Sign Up,0
999,2015-10-02,Sign Up,0
1000,2013-10-11,Sign Up,0
1000,2014-06-21,Upgrade,35386
1000,2015-06-21,Renew,35386
1000,2016-06-21,Renew,35386
1000,2017-06-20,Upgrade,16317
1000,2017-07-20,Expire,0
